"comorb"	"major_code"	"chapter"	"chapter_start"	"chapter_end"	"sub_chapter"	"sub_chapter_start"	"sub_chapter_end"	"major"	"code"	"long_desc"
"stroke"	"433"	"Diseases Of The Circulatory System"	"390"	"459"	"Cerebrovascular Disease"	"430"	"438"	"Occlusion and stenosis of precerebral arteries"	"43301"	"Occlusion and stenosis of basilar artery with cerebral infarction"
"stroke"	"433"	"Diseases Of The Circulatory System"	"390"	"459"	"Cerebrovascular Disease"	"430"	"438"	"Occlusion and stenosis of precerebral arteries"	"43311"	"Occlusion and stenosis of carotid artery with cerebral infarction"
"stroke"	"433"	"Diseases Of The Circulatory System"	"390"	"459"	"Cerebrovascular Disease"	"430"	"438"	"Occlusion and stenosis of precerebral arteries"	"43321"	"Occlusion and stenosis of vertebral artery with cerebral infarction"
"stroke"	"433"	"Diseases Of The Circulatory System"	"390"	"459"	"Cerebrovascular Disease"	"430"	"438"	"Occlusion and stenosis of precerebral arteries"	"43331"	"Occlusion and stenosis of multiple and bilateral precerebral arteries with cerebral infarction"
"stroke"	"433"	"Diseases Of The Circulatory System"	"390"	"459"	"Cerebrovascular Disease"	"430"	"438"	"Occlusion and stenosis of precerebral arteries"	"43381"	"Occlusion and stenosis of other specified precerebral artery with cerebral infarction"
"stroke"	"433"	"Diseases Of The Circulatory System"	"390"	"459"	"Cerebrovascular Disease"	"430"	"438"	"Occlusion and stenosis of precerebral arteries"	"43391"	"Occlusion and stenosis of unspecified precerebral artery with cerebral infarction"
"stroke"	"434"	"Diseases Of The Circulatory System"	"390"	"459"	"Cerebrovascular Disease"	"430"	"438"	"Occlusion of cerebral arteries"	"43401"	"Cerebral thrombosis with cerebral infarction"
"stroke"	"434"	"Diseases Of The Circulatory System"	"390"	"459"	"Cerebrovascular Disease"	"430"	"438"	"Occlusion of cerebral arteries"	"43411"	"Cerebral embolism with cerebral infarction"
"stroke"	"434"	"Diseases Of The Circulatory System"	"390"	"459"	"Cerebrovascular Disease"	"430"	"438"	"Occlusion of cerebral arteries"	"43491"	"Cerebral artery occlusion, unspecified with cerebral infarction"
"tia"	"434"	"Diseases Of The Circulatory System"	"390"	"459"	"Cerebrovascular Disease"	"430"	"438"	"Occlusion of cerebral arteries"	"43401"	"Cerebral thrombosis with cerebral infarction"
"tia"	"434"	"Diseases Of The Circulatory System"	"390"	"459"	"Cerebrovascular Disease"	"430"	"438"	"Occlusion of cerebral arteries"	"43411"	"Cerebral embolism with cerebral infarction"
"tia"	"434"	"Diseases Of The Circulatory System"	"390"	"459"	"Cerebrovascular Disease"	"430"	"438"	"Occlusion of cerebral arteries"	"43491"	"Cerebral artery occlusion, unspecified with cerebral infarction"
"ami"	"410"	"Diseases Of The Circulatory System"	"390"	"459"	"Ischemic Heart Disease"	"410"	"414"	"Acute myocardial infarction"	"41000"	"Acute myocardial infarction of anterolateral wall, episode of care unspecified"
"ami"	"410"	"Diseases Of The Circulatory System"	"390"	"459"	"Ischemic Heart Disease"	"410"	"414"	"Acute myocardial infarction"	"41001"	"Acute myocardial infarction of anterolateral wall, initial episode of care"
"ami"	"410"	"Diseases Of The Circulatory System"	"390"	"459"	"Ischemic Heart Disease"	"410"	"414"	"Acute myocardial infarction"	"41002"	"Acute myocardial infarction of anterolateral wall, subsequent episode of care"
"ami"	"410"	"Diseases Of The Circulatory System"	"390"	"459"	"Ischemic Heart Disease"	"410"	"414"	"Acute myocardial infarction"	"41010"	"Acute myocardial infarction of other anterior wall, episode of care unspecified"
"ami"	"410"	"Diseases Of The Circulatory System"	"390"	"459"	"Ischemic Heart Disease"	"410"	"414"	"Acute myocardial infarction"	"41011"	"Acute myocardial infarction of other anterior wall, initial episode of care"
"ami"	"410"	"Diseases Of The Circulatory System"	"390"	"459"	"Ischemic Heart Disease"	"410"	"414"	"Acute myocardial infarction"	"41012"	"Acute myocardial infarction of other anterior wall, subsequent episode of care"
"ami"	"410"	"Diseases Of The Circulatory System"	"390"	"459"	"Ischemic Heart Disease"	"410"	"414"	"Acute myocardial infarction"	"41020"	"Acute myocardial infarction of inferolateral wall, episode of care unspecified"
"ami"	"410"	"Diseases Of The Circulatory System"	"390"	"459"	"Ischemic Heart Disease"	"410"	"414"	"Acute myocardial infarction"	"41021"	"Acute myocardial infarction of inferolateral wall, initial episode of care"
"ami"	"410"	"Diseases Of The Circulatory System"	"390"	"459"	"Ischemic Heart Disease"	"410"	"414"	"Acute myocardial infarction"	"41022"	"Acute myocardial infarction of inferolateral wall, subsequent episode of care"
"ami"	"410"	"Diseases Of The Circulatory System"	"390"	"459"	"Ischemic Heart Disease"	"410"	"414"	"Acute myocardial infarction"	"41030"	"Acute myocardial infarction of inferoposterior wall, episode of care unspecified"
"ami"	"410"	"Diseases Of The Circulatory System"	"390"	"459"	"Ischemic Heart Disease"	"410"	"414"	"Acute myocardial infarction"	"41031"	"Acute myocardial infarction of inferoposterior wall, initial episode of care"
"ami"	"410"	"Diseases Of The Circulatory System"	"390"	"459"	"Ischemic Heart Disease"	"410"	"414"	"Acute myocardial infarction"	"41032"	"Acute myocardial infarction of inferoposterior wall, subsequent episode of care"
"ami"	"410"	"Diseases Of The Circulatory System"	"390"	"459"	"Ischemic Heart Disease"	"410"	"414"	"Acute myocardial infarction"	"41040"	"Acute myocardial infarction of other inferior wall, episode of care unspecified"
"ami"	"410"	"Diseases Of The Circulatory System"	"390"	"459"	"Ischemic Heart Disease"	"410"	"414"	"Acute myocardial infarction"	"41041"	"Acute myocardial infarction of other inferior wall, initial episode of care"
"ami"	"410"	"Diseases Of The Circulatory System"	"390"	"459"	"Ischemic Heart Disease"	"410"	"414"	"Acute myocardial infarction"	"41042"	"Acute myocardial infarction of other inferior wall, subsequent episode of care"
"ami"	"410"	"Diseases Of The Circulatory System"	"390"	"459"	"Ischemic Heart Disease"	"410"	"414"	"Acute myocardial infarction"	"41050"	"Acute myocardial infarction of other lateral wall, episode of care unspecified"
"ami"	"410"	"Diseases Of The Circulatory System"	"390"	"459"	"Ischemic Heart Disease"	"410"	"414"	"Acute myocardial infarction"	"41051"	"Acute myocardial infarction of other lateral wall, initial episode of care"
"ami"	"410"	"Diseases Of The Circulatory System"	"390"	"459"	"Ischemic Heart Disease"	"410"	"414"	"Acute myocardial infarction"	"41052"	"Acute myocardial infarction of other lateral wall, subsequent episode of care"
"ami"	"410"	"Diseases Of The Circulatory System"	"390"	"459"	"Ischemic Heart Disease"	"410"	"414"	"Acute myocardial infarction"	"41060"	"True posterior wall infarction, episode of care unspecified"
"ami"	"410"	"Diseases Of The Circulatory System"	"390"	"459"	"Ischemic Heart Disease"	"410"	"414"	"Acute myocardial infarction"	"41061"	"True posterior wall infarction, initial episode of care"
"ami"	"410"	"Diseases Of The Circulatory System"	"390"	"459"	"Ischemic Heart Disease"	"410"	"414"	"Acute myocardial infarction"	"41062"	"True posterior wall infarction, subsequent episode of care"
"ami"	"410"	"Diseases Of The Circulatory System"	"390"	"459"	"Ischemic Heart Disease"	"410"	"414"	"Acute myocardial infarction"	"41070"	"Subendocardial infarction, episode of care unspecified"
"ami"	"410"	"Diseases Of The Circulatory System"	"390"	"459"	"Ischemic Heart Disease"	"410"	"414"	"Acute myocardial infarction"	"41071"	"Subendocardial infarction, initial episode of care"
"ami"	"410"	"Diseases Of The Circulatory System"	"390"	"459"	"Ischemic Heart Disease"	"410"	"414"	"Acute myocardial infarction"	"41072"	"Subendocardial infarction, subsequent episode of care"
"ami"	"410"	"Diseases Of The Circulatory System"	"390"	"459"	"Ischemic Heart Disease"	"410"	"414"	"Acute myocardial infarction"	"41080"	"Acute myocardial infarction of other specified sites, episode of care unspecified"
"ami"	"410"	"Diseases Of The Circulatory System"	"390"	"459"	"Ischemic Heart Disease"	"410"	"414"	"Acute myocardial infarction"	"41081"	"Acute myocardial infarction of other specified sites, initial episode of care"
"ami"	"410"	"Diseases Of The Circulatory System"	"390"	"459"	"Ischemic Heart Disease"	"410"	"414"	"Acute myocardial infarction"	"41082"	"Acute myocardial infarction of other specified sites, subsequent episode of care"
"ami"	"410"	"Diseases Of The Circulatory System"	"390"	"459"	"Ischemic Heart Disease"	"410"	"414"	"Acute myocardial infarction"	"41090"	"Acute myocardial infarction of unspecified site, episode of care unspecified"
"ami"	"410"	"Diseases Of The Circulatory System"	"390"	"459"	"Ischemic Heart Disease"	"410"	"414"	"Acute myocardial infarction"	"41091"	"Acute myocardial infarction of unspecified site, initial episode of care"
"ami"	"410"	"Diseases Of The Circulatory System"	"390"	"459"	"Ischemic Heart Disease"	"410"	"414"	"Acute myocardial infarction"	"41092"	"Acute myocardial infarction of unspecified site, subsequent episode of care"
"hf"	"428"	"Diseases Of The Circulatory System"	"390"	"459"	"Other Forms Of Heart Disease"	"420"	"429"	"Heart failure"	"4280"	"Congestive heart failure, unspecified"
"hf"	"428"	"Diseases Of The Circulatory System"	"390"	"459"	"Other Forms Of Heart Disease"	"420"	"429"	"Heart failure"	"4281"	"Left heart failure"
"hf"	"428"	"Diseases Of The Circulatory System"	"390"	"459"	"Other Forms Of Heart Disease"	"420"	"429"	"Heart failure"	"42820"	"Systolic heart failure, unspecified"
"hf"	"428"	"Diseases Of The Circulatory System"	"390"	"459"	"Other Forms Of Heart Disease"	"420"	"429"	"Heart failure"	"42821"	"Acute systolic heart failure"
"hf"	"428"	"Diseases Of The Circulatory System"	"390"	"459"	"Other Forms Of Heart Disease"	"420"	"429"	"Heart failure"	"42822"	"Chronic systolic heart failure"
"hf"	"428"	"Diseases Of The Circulatory System"	"390"	"459"	"Other Forms Of Heart Disease"	"420"	"429"	"Heart failure"	"42823"	"Acute on chronic systolic heart failure"
"hf"	"428"	"Diseases Of The Circulatory System"	"390"	"459"	"Other Forms Of Heart Disease"	"420"	"429"	"Heart failure"	"42830"	"Diastolic heart failure, unspecified"
"hf"	"428"	"Diseases Of The Circulatory System"	"390"	"459"	"Other Forms Of Heart Disease"	"420"	"429"	"Heart failure"	"42831"	"Acute diastolic heart failure"
"hf"	"428"	"Diseases Of The Circulatory System"	"390"	"459"	"Other Forms Of Heart Disease"	"420"	"429"	"Heart failure"	"42832"	"Chronic diastolic heart failure"
"hf"	"428"	"Diseases Of The Circulatory System"	"390"	"459"	"Other Forms Of Heart Disease"	"420"	"429"	"Heart failure"	"42833"	"Acute on chronic diastolic heart failure"
"hf"	"428"	"Diseases Of The Circulatory System"	"390"	"459"	"Other Forms Of Heart Disease"	"420"	"429"	"Heart failure"	"42840"	"Combined systolic and diastolic heart failure, unspecified"
"hf"	"428"	"Diseases Of The Circulatory System"	"390"	"459"	"Other Forms Of Heart Disease"	"420"	"429"	"Heart failure"	"42841"	"Acute combined systolic and diastolic heart failure"
"hf"	"428"	"Diseases Of The Circulatory System"	"390"	"459"	"Other Forms Of Heart Disease"	"420"	"429"	"Heart failure"	"42842"	"Chronic combined systolic and diastolic heart failure"
"hf"	"428"	"Diseases Of The Circulatory System"	"390"	"459"	"Other Forms Of Heart Disease"	"420"	"429"	"Heart failure"	"42843"	"Acute on chronic combined systolic and diastolic heart failure"
"hf"	"428"	"Diseases Of The Circulatory System"	"390"	"459"	"Other Forms Of Heart Disease"	"420"	"429"	"Heart failure"	"4289"	"Heart failure, unspecified"
"af"	"427"	"Diseases Of The Circulatory System"	"390"	"459"	"Other Forms Of Heart Disease"	"420"	"429"	"Cardiac dysrhythmias"	"42731"	"Atrial fibrillation"
"af"	"427"	"Diseases Of The Circulatory System"	"390"	"459"	"Other Forms Of Heart Disease"	"420"	"429"	"Cardiac dysrhythmias"	"42732"	"Atrial flutter"
"osa"	"327"	"Diseases Of The Nervous System And Sense Organs"	"320"	"389"	"Organic Sleep Disorders"	"327"	"327"	"Organic sleep disorders"	"32723"	"Obstructive sleep apnea (adult)(pediatric)"
"anemia"	"280"	"Diseases Of The Blood And Blood-Forming Organs"	"280"	"289"	"Diseases Of The Blood And Blood-Forming Organs"	"280"	"289"	"Iron deficiency anemias"	"2800"	"Iron deficiency anemia secondary to blood loss (chronic)"
"anemia"	"280"	"Diseases Of The Blood And Blood-Forming Organs"	"280"	"289"	"Diseases Of The Blood And Blood-Forming Organs"	"280"	"289"	"Iron deficiency anemias"	"2801"	"Iron deficiency anemia secondary to inadequate dietary iron intake"
"anemia"	"280"	"Diseases Of The Blood And Blood-Forming Organs"	"280"	"289"	"Diseases Of The Blood And Blood-Forming Organs"	"280"	"289"	"Iron deficiency anemias"	"2808"	"Other specified iron deficiency anemias"
"anemia"	"280"	"Diseases Of The Blood And Blood-Forming Organs"	"280"	"289"	"Diseases Of The Blood And Blood-Forming Organs"	"280"	"289"	"Iron deficiency anemias"	"2809"	"Iron deficiency anemia, unspecified"
"anemia"	"281"	"Diseases Of The Blood And Blood-Forming Organs"	"280"	"289"	"Diseases Of The Blood And Blood-Forming Organs"	"280"	"289"	"Other deficiency anemias"	"2810"	"Pernicious anemia"
"anemia"	"281"	"Diseases Of The Blood And Blood-Forming Organs"	"280"	"289"	"Diseases Of The Blood And Blood-Forming Organs"	"280"	"289"	"Other deficiency anemias"	"2811"	"Other vitamin B12 deficiency anemia"
"anemia"	"281"	"Diseases Of The Blood And Blood-Forming Organs"	"280"	"289"	"Diseases Of The Blood And Blood-Forming Organs"	"280"	"289"	"Other deficiency anemias"	"2812"	"Folate-deficiency anemia"
"anemia"	"281"	"Diseases Of The Blood And Blood-Forming Organs"	"280"	"289"	"Diseases Of The Blood And Blood-Forming Organs"	"280"	"289"	"Other deficiency anemias"	"2813"	"Other specified megaloblastic anemias not elsewhere classified"
"anemia"	"281"	"Diseases Of The Blood And Blood-Forming Organs"	"280"	"289"	"Diseases Of The Blood And Blood-Forming Organs"	"280"	"289"	"Other deficiency anemias"	"2814"	"Protein-deficiency anemia"
"anemia"	"281"	"Diseases Of The Blood And Blood-Forming Organs"	"280"	"289"	"Diseases Of The Blood And Blood-Forming Organs"	"280"	"289"	"Other deficiency anemias"	"2818"	"Anemia associated with other specified nutritional deficiency"
"anemia"	"281"	"Diseases Of The Blood And Blood-Forming Organs"	"280"	"289"	"Diseases Of The Blood And Blood-Forming Organs"	"280"	"289"	"Other deficiency anemias"	"2819"	"Unspecified deficiency anemia"
"anemia"	"285"	"Diseases Of The Blood And Blood-Forming Organs"	"280"	"289"	"Diseases Of The Blood And Blood-Forming Organs"	"280"	"289"	"Other and unspecified anemias"	"28521"	"Anemia in chronic kidney disease"
"anemia"	"285"	"Diseases Of The Blood And Blood-Forming Organs"	"280"	"289"	"Diseases Of The Blood And Blood-Forming Organs"	"280"	"289"	"Other and unspecified anemias"	"28529"	"Anemia of other chronic disease"
"anemia"	"285"	"Diseases Of The Blood And Blood-Forming Organs"	"280"	"289"	"Diseases Of The Blood And Blood-Forming Organs"	"280"	"289"	"Other and unspecified anemias"	"2858"	"Other specified anemias"
"anemia"	"285"	"Diseases Of The Blood And Blood-Forming Organs"	"280"	"289"	"Diseases Of The Blood And Blood-Forming Organs"	"280"	"289"	"Other and unspecified anemias"	"2859"	"Anemia, unspecified"
"ckd"	"585"	"Diseases Of The Genitourinary System"	"580"	"629"	"Nephritis, Nephrotic Syndrome, And Nephrosis"	"580"	"589"	"Chronic kidney disease (CKD)"	"5851"	"Chronic kidney disease, Stage I"
"ckd"	"585"	"Diseases Of The Genitourinary System"	"580"	"629"	"Nephritis, Nephrotic Syndrome, And Nephrosis"	"580"	"589"	"Chronic kidney disease (CKD)"	"5852"	"Chronic kidney disease, Stage II (mild)"
"ckd"	"585"	"Diseases Of The Genitourinary System"	"580"	"629"	"Nephritis, Nephrotic Syndrome, And Nephrosis"	"580"	"589"	"Chronic kidney disease (CKD)"	"5853"	"Chronic kidney disease, Stage III (moderate)"
"ckd"	"585"	"Diseases Of The Genitourinary System"	"580"	"629"	"Nephritis, Nephrotic Syndrome, And Nephrosis"	"580"	"589"	"Chronic kidney disease (CKD)"	"5854"	"Chronic kidney disease, Stage IV (severe)"
"ckd"	"585"	"Diseases Of The Genitourinary System"	"580"	"629"	"Nephritis, Nephrotic Syndrome, And Nephrosis"	"580"	"589"	"Chronic kidney disease (CKD)"	"5855"	"Chronic kidney disease, Stage V"
"ckd"	"585"	"Diseases Of The Genitourinary System"	"580"	"629"	"Nephritis, Nephrotic Syndrome, And Nephrosis"	"580"	"589"	"Chronic kidney disease (CKD)"	"5856"	"End stage renal disease"
"ckd"	"585"	"Diseases Of The Genitourinary System"	"580"	"629"	"Nephritis, Nephrotic Syndrome, And Nephrosis"	"580"	"589"	"Chronic kidney disease (CKD)"	"5859"	"Chronic kidney disease, unspecified"
"diab"	"250"	"Endocrine, Nutritional And Metabolic Diseases, And Immunity Disorders"	"240"	"279"	"Diseases Of Other Endocrine Glands"	"249"	"259"	"Diabetes mellitus"	"25000"	"Diabetes mellitus without mention of complication, type II or unspecified type, not stated as uncontrolled"
"diab"	"250"	"Endocrine, Nutritional And Metabolic Diseases, And Immunity Disorders"	"240"	"279"	"Diseases Of Other Endocrine Glands"	"249"	"259"	"Diabetes mellitus"	"25001"	"Diabetes mellitus without mention of complication, type I [juvenile type], not stated as uncontrolled"
"diab"	"250"	"Endocrine, Nutritional And Metabolic Diseases, And Immunity Disorders"	"240"	"279"	"Diseases Of Other Endocrine Glands"	"249"	"259"	"Diabetes mellitus"	"25002"	"Diabetes mellitus without mention of complication, type II or unspecified type, uncontrolled"
"diab"	"250"	"Endocrine, Nutritional And Metabolic Diseases, And Immunity Disorders"	"240"	"279"	"Diseases Of Other Endocrine Glands"	"249"	"259"	"Diabetes mellitus"	"25003"	"Diabetes mellitus without mention of complication, type I [juvenile type], uncontrolled"
"diab"	"250"	"Endocrine, Nutritional And Metabolic Diseases, And Immunity Disorders"	"240"	"279"	"Diseases Of Other Endocrine Glands"	"249"	"259"	"Diabetes mellitus"	"25010"	"Diabetes with ketoacidosis, type II or unspecified type, not stated as uncontrolled"
"diab"	"250"	"Endocrine, Nutritional And Metabolic Diseases, And Immunity Disorders"	"240"	"279"	"Diseases Of Other Endocrine Glands"	"249"	"259"	"Diabetes mellitus"	"25011"	"Diabetes with ketoacidosis, type I [juvenile type], not stated as uncontrolled"
"diab"	"250"	"Endocrine, Nutritional And Metabolic Diseases, And Immunity Disorders"	"240"	"279"	"Diseases Of Other Endocrine Glands"	"249"	"259"	"Diabetes mellitus"	"25012"	"Diabetes with ketoacidosis, type II or unspecified type, uncontrolled"
"diab"	"250"	"Endocrine, Nutritional And Metabolic Diseases, And Immunity Disorders"	"240"	"279"	"Diseases Of Other Endocrine Glands"	"249"	"259"	"Diabetes mellitus"	"25013"	"Diabetes with ketoacidosis, type I [juvenile type], uncontrolled"
"diab"	"250"	"Endocrine, Nutritional And Metabolic Diseases, And Immunity Disorders"	"240"	"279"	"Diseases Of Other Endocrine Glands"	"249"	"259"	"Diabetes mellitus"	"25020"	"Diabetes with hyperosmolarity, type II or unspecified type, not stated as uncontrolled"
"diab"	"250"	"Endocrine, Nutritional And Metabolic Diseases, And Immunity Disorders"	"240"	"279"	"Diseases Of Other Endocrine Glands"	"249"	"259"	"Diabetes mellitus"	"25021"	"Diabetes with hyperosmolarity, type I [juvenile type], not stated as uncontrolled"
"diab"	"250"	"Endocrine, Nutritional And Metabolic Diseases, And Immunity Disorders"	"240"	"279"	"Diseases Of Other Endocrine Glands"	"249"	"259"	"Diabetes mellitus"	"25022"	"Diabetes with hyperosmolarity, type II or unspecified type, uncontrolled"
"diab"	"250"	"Endocrine, Nutritional And Metabolic Diseases, And Immunity Disorders"	"240"	"279"	"Diseases Of Other Endocrine Glands"	"249"	"259"	"Diabetes mellitus"	"25023"	"Diabetes with hyperosmolarity, type I [juvenile type], uncontrolled"
"diab"	"250"	"Endocrine, Nutritional And Metabolic Diseases, And Immunity Disorders"	"240"	"279"	"Diseases Of Other Endocrine Glands"	"249"	"259"	"Diabetes mellitus"	"25030"	"Diabetes with other coma, type II or unspecified type, not stated as uncontrolled"
"diab"	"250"	"Endocrine, Nutritional And Metabolic Diseases, And Immunity Disorders"	"240"	"279"	"Diseases Of Other Endocrine Glands"	"249"	"259"	"Diabetes mellitus"	"25031"	"Diabetes with other coma, type I [juvenile type], not stated as uncontrolled"
"diab"	"250"	"Endocrine, Nutritional And Metabolic Diseases, And Immunity Disorders"	"240"	"279"	"Diseases Of Other Endocrine Glands"	"249"	"259"	"Diabetes mellitus"	"25032"	"Diabetes with other coma, type II or unspecified type, uncontrolled"
"diab"	"250"	"Endocrine, Nutritional And Metabolic Diseases, And Immunity Disorders"	"240"	"279"	"Diseases Of Other Endocrine Glands"	"249"	"259"	"Diabetes mellitus"	"25033"	"Diabetes with other coma, type I [juvenile type], uncontrolled"
"diab"	"250"	"Endocrine, Nutritional And Metabolic Diseases, And Immunity Disorders"	"240"	"279"	"Diseases Of Other Endocrine Glands"	"249"	"259"	"Diabetes mellitus"	"25040"	"Diabetes with renal manifestations, type II or unspecified type, not stated as uncontrolled"
"diab"	"250"	"Endocrine, Nutritional And Metabolic Diseases, And Immunity Disorders"	"240"	"279"	"Diseases Of Other Endocrine Glands"	"249"	"259"	"Diabetes mellitus"	"25041"	"Diabetes with renal manifestations, type I [juvenile type], not stated as uncontrolled"
"diab"	"250"	"Endocrine, Nutritional And Metabolic Diseases, And Immunity Disorders"	"240"	"279"	"Diseases Of Other Endocrine Glands"	"249"	"259"	"Diabetes mellitus"	"25042"	"Diabetes with renal manifestations, type II or unspecified type, uncontrolled"
"diab"	"250"	"Endocrine, Nutritional And Metabolic Diseases, And Immunity Disorders"	"240"	"279"	"Diseases Of Other Endocrine Glands"	"249"	"259"	"Diabetes mellitus"	"25043"	"Diabetes with renal manifestations, type I [juvenile type], uncontrolled"
"diab"	"250"	"Endocrine, Nutritional And Metabolic Diseases, And Immunity Disorders"	"240"	"279"	"Diseases Of Other Endocrine Glands"	"249"	"259"	"Diabetes mellitus"	"25050"	"Diabetes with ophthalmic manifestations, type II or unspecified type, not stated as uncontrolled"
"diab"	"250"	"Endocrine, Nutritional And Metabolic Diseases, And Immunity Disorders"	"240"	"279"	"Diseases Of Other Endocrine Glands"	"249"	"259"	"Diabetes mellitus"	"25051"	"Diabetes with ophthalmic manifestations, type I [juvenile type], not stated as uncontrolled"
"diab"	"250"	"Endocrine, Nutritional And Metabolic Diseases, And Immunity Disorders"	"240"	"279"	"Diseases Of Other Endocrine Glands"	"249"	"259"	"Diabetes mellitus"	"25052"	"Diabetes with ophthalmic manifestations, type II or unspecified type, uncontrolled"
"diab"	"250"	"Endocrine, Nutritional And Metabolic Diseases, And Immunity Disorders"	"240"	"279"	"Diseases Of Other Endocrine Glands"	"249"	"259"	"Diabetes mellitus"	"25053"	"Diabetes with ophthalmic manifestations, type I [juvenile type], uncontrolled"
"diab"	"250"	"Endocrine, Nutritional And Metabolic Diseases, And Immunity Disorders"	"240"	"279"	"Diseases Of Other Endocrine Glands"	"249"	"259"	"Diabetes mellitus"	"25060"	"Diabetes with neurological manifestations, type II or unspecified type, not stated as uncontrolled"
"diab"	"250"	"Endocrine, Nutritional And Metabolic Diseases, And Immunity Disorders"	"240"	"279"	"Diseases Of Other Endocrine Glands"	"249"	"259"	"Diabetes mellitus"	"25061"	"Diabetes with neurological manifestations, type I [juvenile type], not stated as uncontrolled"
"diab"	"250"	"Endocrine, Nutritional And Metabolic Diseases, And Immunity Disorders"	"240"	"279"	"Diseases Of Other Endocrine Glands"	"249"	"259"	"Diabetes mellitus"	"25062"	"Diabetes with neurological manifestations, type II or unspecified type, uncontrolled"
"diab"	"250"	"Endocrine, Nutritional And Metabolic Diseases, And Immunity Disorders"	"240"	"279"	"Diseases Of Other Endocrine Glands"	"249"	"259"	"Diabetes mellitus"	"25063"	"Diabetes with neurological manifestations, type I [juvenile type], uncontrolled"
"diab"	"250"	"Endocrine, Nutritional And Metabolic Diseases, And Immunity Disorders"	"240"	"279"	"Diseases Of Other Endocrine Glands"	"249"	"259"	"Diabetes mellitus"	"25070"	"Diabetes with peripheral circulatory disorders, type II or unspecified type, not stated as uncontrolled"
"diab"	"250"	"Endocrine, Nutritional And Metabolic Diseases, And Immunity Disorders"	"240"	"279"	"Diseases Of Other Endocrine Glands"	"249"	"259"	"Diabetes mellitus"	"25071"	"Diabetes with peripheral circulatory disorders, type I [juvenile type], not stated as uncontrolled"
"diab"	"250"	"Endocrine, Nutritional And Metabolic Diseases, And Immunity Disorders"	"240"	"279"	"Diseases Of Other Endocrine Glands"	"249"	"259"	"Diabetes mellitus"	"25072"	"Diabetes with peripheral circulatory disorders, type II or unspecified type, uncontrolled"
"diab"	"250"	"Endocrine, Nutritional And Metabolic Diseases, And Immunity Disorders"	"240"	"279"	"Diseases Of Other Endocrine Glands"	"249"	"259"	"Diabetes mellitus"	"25073"	"Diabetes with peripheral circulatory disorders, type I [juvenile type], uncontrolled"
"diab"	"250"	"Endocrine, Nutritional And Metabolic Diseases, And Immunity Disorders"	"240"	"279"	"Diseases Of Other Endocrine Glands"	"249"	"259"	"Diabetes mellitus"	"25080"	"Diabetes with other specified manifestations, type II or unspecified type, not stated as uncontrolled"
"diab"	"250"	"Endocrine, Nutritional And Metabolic Diseases, And Immunity Disorders"	"240"	"279"	"Diseases Of Other Endocrine Glands"	"249"	"259"	"Diabetes mellitus"	"25081"	"Diabetes with other specified manifestations, type I [juvenile type], not stated as uncontrolled"
"diab"	"250"	"Endocrine, Nutritional And Metabolic Diseases, And Immunity Disorders"	"240"	"279"	"Diseases Of Other Endocrine Glands"	"249"	"259"	"Diabetes mellitus"	"25082"	"Diabetes with other specified manifestations, type II or unspecified type, uncontrolled"
"diab"	"250"	"Endocrine, Nutritional And Metabolic Diseases, And Immunity Disorders"	"240"	"279"	"Diseases Of Other Endocrine Glands"	"249"	"259"	"Diabetes mellitus"	"25083"	"Diabetes with other specified manifestations, type I [juvenile type], uncontrolled"
"diab"	"250"	"Endocrine, Nutritional And Metabolic Diseases, And Immunity Disorders"	"240"	"279"	"Diseases Of Other Endocrine Glands"	"249"	"259"	"Diabetes mellitus"	"25090"	"Diabetes with unspecified complication, type II or unspecified type, not stated as uncontrolled"
"diab"	"250"	"Endocrine, Nutritional And Metabolic Diseases, And Immunity Disorders"	"240"	"279"	"Diseases Of Other Endocrine Glands"	"249"	"259"	"Diabetes mellitus"	"25091"	"Diabetes with unspecified complication, type I [juvenile type], not stated as uncontrolled"
"diab"	"250"	"Endocrine, Nutritional And Metabolic Diseases, And Immunity Disorders"	"240"	"279"	"Diseases Of Other Endocrine Glands"	"249"	"259"	"Diabetes mellitus"	"25092"	"Diabetes with unspecified complication, type II or unspecified type, uncontrolled"
"diab"	"250"	"Endocrine, Nutritional And Metabolic Diseases, And Immunity Disorders"	"240"	"279"	"Diseases Of Other Endocrine Glands"	"249"	"259"	"Diabetes mellitus"	"25093"	"Diabetes with unspecified complication, type I [juvenile type], uncontrolled"
"hyper"	"401"	"Diseases Of The Circulatory System"	"390"	"459"	"Hypertensive Disease"	"401"	"405"	"Essential hypertension"	"4010"	"Malignant essential hypertension"
"hyper"	"401"	"Diseases Of The Circulatory System"	"390"	"459"	"Hypertensive Disease"	"401"	"405"	"Essential hypertension"	"4011"	"Benign essential hypertension"
"hyper"	"401"	"Diseases Of The Circulatory System"	"390"	"459"	"Hypertensive Disease"	"401"	"405"	"Essential hypertension"	"4019"	"Unspecified essential hypertension"
"hyper"	"402"	"Diseases Of The Circulatory System"	"390"	"459"	"Hypertensive Disease"	"401"	"405"	"Hypertensive heart disease"	"40200"	"Malignant hypertensive heart disease without heart failure"
"hyper"	"402"	"Diseases Of The Circulatory System"	"390"	"459"	"Hypertensive Disease"	"401"	"405"	"Hypertensive heart disease"	"40201"	"Malignant hypertensive heart disease with heart failure"
"hyper"	"402"	"Diseases Of The Circulatory System"	"390"	"459"	"Hypertensive Disease"	"401"	"405"	"Hypertensive heart disease"	"40210"	"Benign hypertensive heart disease without heart failure"
"hyper"	"402"	"Diseases Of The Circulatory System"	"390"	"459"	"Hypertensive Disease"	"401"	"405"	"Hypertensive heart disease"	"40211"	"Benign hypertensive heart disease with heart failure"
"hyper"	"402"	"Diseases Of The Circulatory System"	"390"	"459"	"Hypertensive Disease"	"401"	"405"	"Hypertensive heart disease"	"40290"	"Unspecified hypertensive heart disease without heart failure"
"hyper"	"402"	"Diseases Of The Circulatory System"	"390"	"459"	"Hypertensive Disease"	"401"	"405"	"Hypertensive heart disease"	"40291"	"Unspecified hypertensive heart disease with heart failure"
"hyper"	"403"	"Diseases Of The Circulatory System"	"390"	"459"	"Hypertensive Disease"	"401"	"405"	"Hypertensive chronic kidney disease"	"40300"	"Hypertensive chronic kidney disease, malignant, with chronic kidney disease stage I through stage IV, or unspecified"
"hyper"	"403"	"Diseases Of The Circulatory System"	"390"	"459"	"Hypertensive Disease"	"401"	"405"	"Hypertensive chronic kidney disease"	"40301"	"Hypertensive chronic kidney disease, malignant, with chronic kidney disease stage V or end stage renal disease"
"hyper"	"403"	"Diseases Of The Circulatory System"	"390"	"459"	"Hypertensive Disease"	"401"	"405"	"Hypertensive chronic kidney disease"	"40310"	"Hypertensive chronic kidney disease, benign, with chronic kidney disease stage I through stage IV, or unspecified"
"hyper"	"403"	"Diseases Of The Circulatory System"	"390"	"459"	"Hypertensive Disease"	"401"	"405"	"Hypertensive chronic kidney disease"	"40311"	"Hypertensive chronic kidney disease, benign, with chronic kidney disease stage V or end stage renal disease"
"hyper"	"403"	"Diseases Of The Circulatory System"	"390"	"459"	"Hypertensive Disease"	"401"	"405"	"Hypertensive chronic kidney disease"	"40390"	"Hypertensive chronic kidney disease, unspecified, with chronic kidney disease stage I through stage IV, or unspecified"
"hyper"	"403"	"Diseases Of The Circulatory System"	"390"	"459"	"Hypertensive Disease"	"401"	"405"	"Hypertensive chronic kidney disease"	"40391"	"Hypertensive chronic kidney disease, unspecified, with chronic kidney disease stage V or end stage renal disease"
"hyper"	"404"	"Diseases Of The Circulatory System"	"390"	"459"	"Hypertensive Disease"	"401"	"405"	"Hypertensive heart and chronic kidney disease"	"40400"	"Hypertensive heart and chronic kidney disease, malignant, without heart failure and with chronic kidney disease stage I through stage IV, or unspecified"
"hyper"	"404"	"Diseases Of The Circulatory System"	"390"	"459"	"Hypertensive Disease"	"401"	"405"	"Hypertensive heart and chronic kidney disease"	"40401"	"Hypertensive heart and chronic kidney disease, malignant, with heart failure and with chronic kidney disease stage I through stage IV, or unspecified"
"hyper"	"404"	"Diseases Of The Circulatory System"	"390"	"459"	"Hypertensive Disease"	"401"	"405"	"Hypertensive heart and chronic kidney disease"	"40402"	"Hypertensive heart and chronic kidney disease, malignant, without heart failure and with chronic kidney disease stage V or end stage renal disease"
"hyper"	"404"	"Diseases Of The Circulatory System"	"390"	"459"	"Hypertensive Disease"	"401"	"405"	"Hypertensive heart and chronic kidney disease"	"40403"	"Hypertensive heart and chronic kidney disease, malignant, with heart failure and with chronic kidney disease stage V or end stage renal disease"
"hyper"	"404"	"Diseases Of The Circulatory System"	"390"	"459"	"Hypertensive Disease"	"401"	"405"	"Hypertensive heart and chronic kidney disease"	"40410"	"Hypertensive heart and chronic kidney disease, benign, without heart failure and with chronic kidney disease stage I through stage IV, or unspecified"
"hyper"	"404"	"Diseases Of The Circulatory System"	"390"	"459"	"Hypertensive Disease"	"401"	"405"	"Hypertensive heart and chronic kidney disease"	"40411"	"Hypertensive heart and chronic kidney disease, benign, with heart failure and with chronic kidney disease stage I through stage IV, or unspecified"
"hyper"	"404"	"Diseases Of The Circulatory System"	"390"	"459"	"Hypertensive Disease"	"401"	"405"	"Hypertensive heart and chronic kidney disease"	"40412"	"Hypertensive heart and chronic kidney disease, benign, without heart failure and with chronic kidney disease stage V or end stage renal disease"
"hyper"	"404"	"Diseases Of The Circulatory System"	"390"	"459"	"Hypertensive Disease"	"401"	"405"	"Hypertensive heart and chronic kidney disease"	"40413"	"Hypertensive heart and chronic kidney disease, benign, with heart failure and chronic kidney disease stage V or end stage renal disease"
"hyper"	"404"	"Diseases Of The Circulatory System"	"390"	"459"	"Hypertensive Disease"	"401"	"405"	"Hypertensive heart and chronic kidney disease"	"40490"	"Hypertensive heart and chronic kidney disease, unspecified, without heart failure and with chronic kidney disease stage I through stage IV, or unspecified"
"hyper"	"404"	"Diseases Of The Circulatory System"	"390"	"459"	"Hypertensive Disease"	"401"	"405"	"Hypertensive heart and chronic kidney disease"	"40491"	"Hypertensive heart and chronic kidney disease, unspecified, with heart failure and with chronic kidney disease stage I through stage IV, or unspecified"
"hyper"	"404"	"Diseases Of The Circulatory System"	"390"	"459"	"Hypertensive Disease"	"401"	"405"	"Hypertensive heart and chronic kidney disease"	"40492"	"Hypertensive heart and chronic kidney disease, unspecified, without heart failure and with chronic kidney disease stage V or end stage renal disease"
"hyper"	"404"	"Diseases Of The Circulatory System"	"390"	"459"	"Hypertensive Disease"	"401"	"405"	"Hypertensive heart and chronic kidney disease"	"40493"	"Hypertensive heart and chronic kidney disease, unspecified, with heart failure and chronic kidney disease stage V or end stage renal disease"
"hyper"	"405"	"Diseases Of The Circulatory System"	"390"	"459"	"Hypertensive Disease"	"401"	"405"	"Secondary hypertension"	"40501"	"Malignant renovascular hypertension"
"hyper"	"405"	"Diseases Of The Circulatory System"	"390"	"459"	"Hypertensive Disease"	"401"	"405"	"Secondary hypertension"	"40509"	"Other malignant secondary hypertension"
"hyper"	"405"	"Diseases Of The Circulatory System"	"390"	"459"	"Hypertensive Disease"	"401"	"405"	"Secondary hypertension"	"40511"	"Benign renovascular hypertension"
"hyper"	"405"	"Diseases Of The Circulatory System"	"390"	"459"	"Hypertensive Disease"	"401"	"405"	"Secondary hypertension"	"40519"	"Other benign secondary hypertension"
"hyper"	"405"	"Diseases Of The Circulatory System"	"390"	"459"	"Hypertensive Disease"	"401"	"405"	"Secondary hypertension"	"40591"	"Unspecified renovascular hypertension"
"hyper"	"405"	"Diseases Of The Circulatory System"	"390"	"459"	"Hypertensive Disease"	"401"	"405"	"Secondary hypertension"	"40599"	"Other unspecified secondary hypertension"
"lipid"	"272"	"Endocrine, Nutritional And Metabolic Diseases, And Immunity Disorders"	"240"	"279"	"Other Metabolic And Immunity Disorders"	"270"	"279"	"Disorders of lipoid metabolism"	"2720"	"Pure hypercholesterolemia"
"lipid"	"272"	"Endocrine, Nutritional And Metabolic Diseases, And Immunity Disorders"	"240"	"279"	"Other Metabolic And Immunity Disorders"	"270"	"279"	"Disorders of lipoid metabolism"	"2721"	"Pure hyperglyceridemia"
"lipid"	"272"	"Endocrine, Nutritional And Metabolic Diseases, And Immunity Disorders"	"240"	"279"	"Other Metabolic And Immunity Disorders"	"270"	"279"	"Disorders of lipoid metabolism"	"2722"	"Mixed hyperlipidemia"
"lipid"	"272"	"Endocrine, Nutritional And Metabolic Diseases, And Immunity Disorders"	"240"	"279"	"Other Metabolic And Immunity Disorders"	"270"	"279"	"Disorders of lipoid metabolism"	"2723"	"Hyperchylomicronemia"
"lipid"	"272"	"Endocrine, Nutritional And Metabolic Diseases, And Immunity Disorders"	"240"	"279"	"Other Metabolic And Immunity Disorders"	"270"	"279"	"Disorders of lipoid metabolism"	"2724"	"Other and unspecified hyperlipidemia"
"lipid"	"272"	"Endocrine, Nutritional And Metabolic Diseases, And Immunity Disorders"	"240"	"279"	"Other Metabolic And Immunity Disorders"	"270"	"279"	"Disorders of lipoid metabolism"	"2725"	"Lipoprotein deficiencies"
"lipid"	"272"	"Endocrine, Nutritional And Metabolic Diseases, And Immunity Disorders"	"240"	"279"	"Other Metabolic And Immunity Disorders"	"270"	"279"	"Disorders of lipoid metabolism"	"2726"	"Lipodystrophy"
"lipid"	"272"	"Endocrine, Nutritional And Metabolic Diseases, And Immunity Disorders"	"240"	"279"	"Other Metabolic And Immunity Disorders"	"270"	"279"	"Disorders of lipoid metabolism"	"2727"	"Lipidoses"
"lipid"	"272"	"Endocrine, Nutritional And Metabolic Diseases, And Immunity Disorders"	"240"	"279"	"Other Metabolic And Immunity Disorders"	"270"	"279"	"Disorders of lipoid metabolism"	"2728"	"Other disorders of lipoid metabolism"
"lipid"	"272"	"Endocrine, Nutritional And Metabolic Diseases, And Immunity Disorders"	"240"	"279"	"Other Metabolic And Immunity Disorders"	"270"	"279"	"Disorders of lipoid metabolism"	"2729"	"Unspecified disorder of lipoid metabolism"
"copd"	"490"	"Diseases Of The Respiratory System"	"460"	"519"	"Chronic Obstructive Pulmonary Disease And Allied Conditions"	"490"	"496"	"Bronchitis, not specified as acute or chronic"	"490"	"Bronchitis, not specified as acute or chronic"
"copd"	"491"	"Diseases Of The Respiratory System"	"460"	"519"	"Chronic Obstructive Pulmonary Disease And Allied Conditions"	"490"	"496"	"Chronic bronchitis"	"4910"	"Simple chronic bronchitis"
"copd"	"491"	"Diseases Of The Respiratory System"	"460"	"519"	"Chronic Obstructive Pulmonary Disease And Allied Conditions"	"490"	"496"	"Chronic bronchitis"	"4911"	"Mucopurulent chronic bronchitis"
"copd"	"491"	"Diseases Of The Respiratory System"	"460"	"519"	"Chronic Obstructive Pulmonary Disease And Allied Conditions"	"490"	"496"	"Chronic bronchitis"	"49120"	"Obstructive chronic bronchitis without exacerbation"
"copd"	"491"	"Diseases Of The Respiratory System"	"460"	"519"	"Chronic Obstructive Pulmonary Disease And Allied Conditions"	"490"	"496"	"Chronic bronchitis"	"49121"	"Obstructive chronic bronchitis with (acute) exacerbation"
"copd"	"491"	"Diseases Of The Respiratory System"	"460"	"519"	"Chronic Obstructive Pulmonary Disease And Allied Conditions"	"490"	"496"	"Chronic bronchitis"	"49122"	"Obstructive chronic bronchitis with acute bronchitis"
"copd"	"491"	"Diseases Of The Respiratory System"	"460"	"519"	"Chronic Obstructive Pulmonary Disease And Allied Conditions"	"490"	"496"	"Chronic bronchitis"	"4918"	"Other chronic bronchitis"
"copd"	"491"	"Diseases Of The Respiratory System"	"460"	"519"	"Chronic Obstructive Pulmonary Disease And Allied Conditions"	"490"	"496"	"Chronic bronchitis"	"4919"	"Unspecified chronic bronchitis"
"copd"	"492"	"Diseases Of The Respiratory System"	"460"	"519"	"Chronic Obstructive Pulmonary Disease And Allied Conditions"	"490"	"496"	"Emphysema"	"4920"	"Emphysematous bleb"
"copd"	"492"	"Diseases Of The Respiratory System"	"460"	"519"	"Chronic Obstructive Pulmonary Disease And Allied Conditions"	"490"	"496"	"Emphysema"	"4928"	"Other emphysema"
"copd"	"493"	"Diseases Of The Respiratory System"	"460"	"519"	"Chronic Obstructive Pulmonary Disease And Allied Conditions"	"490"	"496"	"Asthma"	"49300"	"Extrinsic asthma, unspecified"
"copd"	"493"	"Diseases Of The Respiratory System"	"460"	"519"	"Chronic Obstructive Pulmonary Disease And Allied Conditions"	"490"	"496"	"Asthma"	"49301"	"Extrinsic asthma with status asthmaticus"
"copd"	"493"	"Diseases Of The Respiratory System"	"460"	"519"	"Chronic Obstructive Pulmonary Disease And Allied Conditions"	"490"	"496"	"Asthma"	"49302"	"Extrinsic asthma with (acute) exacerbation"
"copd"	"493"	"Diseases Of The Respiratory System"	"460"	"519"	"Chronic Obstructive Pulmonary Disease And Allied Conditions"	"490"	"496"	"Asthma"	"49310"	"Intrinsic asthma, unspecified"
"copd"	"493"	"Diseases Of The Respiratory System"	"460"	"519"	"Chronic Obstructive Pulmonary Disease And Allied Conditions"	"490"	"496"	"Asthma"	"49311"	"Intrinsic asthma with status asthmaticus"
"copd"	"493"	"Diseases Of The Respiratory System"	"460"	"519"	"Chronic Obstructive Pulmonary Disease And Allied Conditions"	"490"	"496"	"Asthma"	"49312"	"Intrinsic asthma with (acute) exacerbation"
"copd"	"493"	"Diseases Of The Respiratory System"	"460"	"519"	"Chronic Obstructive Pulmonary Disease And Allied Conditions"	"490"	"496"	"Asthma"	"49320"	"Chronic obstructive asthma, unspecified"
"copd"	"493"	"Diseases Of The Respiratory System"	"460"	"519"	"Chronic Obstructive Pulmonary Disease And Allied Conditions"	"490"	"496"	"Asthma"	"49321"	"Chronic obstructive asthma with status asthmaticus"
"copd"	"493"	"Diseases Of The Respiratory System"	"460"	"519"	"Chronic Obstructive Pulmonary Disease And Allied Conditions"	"490"	"496"	"Asthma"	"49322"	"Chronic obstructive asthma with (acute) exacerbation"
"copd"	"493"	"Diseases Of The Respiratory System"	"460"	"519"	"Chronic Obstructive Pulmonary Disease And Allied Conditions"	"490"	"496"	"Asthma"	"49381"	"Exercise induced bronchospasm"
"copd"	"493"	"Diseases Of The Respiratory System"	"460"	"519"	"Chronic Obstructive Pulmonary Disease And Allied Conditions"	"490"	"496"	"Asthma"	"49382"	"Cough variant asthma"
"copd"	"493"	"Diseases Of The Respiratory System"	"460"	"519"	"Chronic Obstructive Pulmonary Disease And Allied Conditions"	"490"	"496"	"Asthma"	"49390"	"Asthma, unspecified type, unspecified"
"copd"	"493"	"Diseases Of The Respiratory System"	"460"	"519"	"Chronic Obstructive Pulmonary Disease And Allied Conditions"	"490"	"496"	"Asthma"	"49391"	"Asthma, unspecified type, with status asthmaticus"
"copd"	"493"	"Diseases Of The Respiratory System"	"460"	"519"	"Chronic Obstructive Pulmonary Disease And Allied Conditions"	"490"	"496"	"Asthma"	"49392"	"Asthma, unspecified type, with (acute) exacerbation"
"copd"	"494"	"Diseases Of The Respiratory System"	"460"	"519"	"Chronic Obstructive Pulmonary Disease And Allied Conditions"	"490"	"496"	"Bronchiectasis"	"4940"	"Bronchiectasis without acute exacerbation"
"copd"	"494"	"Diseases Of The Respiratory System"	"460"	"519"	"Chronic Obstructive Pulmonary Disease And Allied Conditions"	"490"	"496"	"Bronchiectasis"	"4941"	"Bronchiectasis with acute exacerbation"
"copd"	"495"	"Diseases Of The Respiratory System"	"460"	"519"	"Chronic Obstructive Pulmonary Disease And Allied Conditions"	"490"	"496"	"Extrinsic allergic alveolitis"	"4950"	"Farmers' lung"
"copd"	"495"	"Diseases Of The Respiratory System"	"460"	"519"	"Chronic Obstructive Pulmonary Disease And Allied Conditions"	"490"	"496"	"Extrinsic allergic alveolitis"	"4951"	"Bagassosis"
"copd"	"495"	"Diseases Of The Respiratory System"	"460"	"519"	"Chronic Obstructive Pulmonary Disease And Allied Conditions"	"490"	"496"	"Extrinsic allergic alveolitis"	"4952"	"Bird-fanciers' lung"
"copd"	"495"	"Diseases Of The Respiratory System"	"460"	"519"	"Chronic Obstructive Pulmonary Disease And Allied Conditions"	"490"	"496"	"Extrinsic allergic alveolitis"	"4953"	"Suberosis"
"copd"	"495"	"Diseases Of The Respiratory System"	"460"	"519"	"Chronic Obstructive Pulmonary Disease And Allied Conditions"	"490"	"496"	"Extrinsic allergic alveolitis"	"4954"	"Malt workers' lung"
"copd"	"495"	"Diseases Of The Respiratory System"	"460"	"519"	"Chronic Obstructive Pulmonary Disease And Allied Conditions"	"490"	"496"	"Extrinsic allergic alveolitis"	"4955"	"Mushroom workers' lung"
"copd"	"495"	"Diseases Of The Respiratory System"	"460"	"519"	"Chronic Obstructive Pulmonary Disease And Allied Conditions"	"490"	"496"	"Extrinsic allergic alveolitis"	"4956"	"Maple bark-strippers' lung"
"copd"	"495"	"Diseases Of The Respiratory System"	"460"	"519"	"Chronic Obstructive Pulmonary Disease And Allied Conditions"	"490"	"496"	"Extrinsic allergic alveolitis"	"4957"	"\"Ventilation\" pneumonitis"
"copd"	"495"	"Diseases Of The Respiratory System"	"460"	"519"	"Chronic Obstructive Pulmonary Disease And Allied Conditions"	"490"	"496"	"Extrinsic allergic alveolitis"	"4958"	"Other specified allergic alveolitis and pneumonitis"
"copd"	"495"	"Diseases Of The Respiratory System"	"460"	"519"	"Chronic Obstructive Pulmonary Disease And Allied Conditions"	"490"	"496"	"Extrinsic allergic alveolitis"	"4959"	"Unspecified allergic alveolitis and pneumonitis"
"copd"	"496"	"Diseases Of The Respiratory System"	"460"	"519"	"Chronic Obstructive Pulmonary Disease And Allied Conditions"	"490"	"496"	"Chronic airway obstruction, not elsewhere classified"	"496"	"Chronic airway obstruction, not elsewhere classified"
"park"	"332"	"Diseases Of The Nervous System And Sense Organs"	"320"	"389"	"Hereditary And Degenerative Diseases Of The Central Nervous System"	"330"	"337"	"Parkinson's disease"	"3320"	"Paralysis agitans"
"park"	"332"	"Diseases Of The Nervous System And Sense Organs"	"320"	"389"	"Hereditary And Degenerative Diseases Of The Central Nervous System"	"330"	"337"	"Parkinson's disease"	"3321"	"Secondary parkinsonism"