Report Year,Hospital  Name,Hospital Number,Hospital Division,CLAB,PLAB,BEDS,Edu,Area,City,Rural,Teach,Overall Score (%),Aspirin Arrival (%),Asprin Discharge (%),Beta Blocker Arrival (%),Beta Blocker Discharge (%) ,ACEI/ARB Discharge (%),Smoking Cessation Advice (%) ,Statin Prescribed at Discharge (%),PCI within 90 minutes,PCI within time lines (includes info only for July - December 2006 since the measure definition changed),PCI within 120 minutes
2004, Hackensack University Medical Center  ,1,0,1,1,598,T,U,0,0,1,96,98,97,93,95,93,,,,,
2005, Hackensack University Medical Center  ,1,0,1,1,598,T,U,0,0,1,97,98,98,99,97,90,,,,,
2006, Hackensack University Medical Center  ,1,0,1,1,598,T,U,0,0,1,98,100,100,100,99,93,100,,,,84
2007, Hackensack University Medical Center  ,1,0,1,1,598,T,U,0,0,1,99,100,100,100,100,98,100,,,74,
2008, Hackensack University Medical Center  ,1,0,1,1,598,T,U,0,0,1,100,100,100,100,100,100,100,,,85,
2009, Hackensack University Medical Center  ,1,0,1,1,598,T,U,0,0,1,99,100,100,100,100,100,100,,87,,
2010, Hackensack University Medical Center  ,1,0,1,1,598,T,U,0,0,1,100,100,100,,100,100,100,,100,,
2011, Hackensack University Medical Center  ,1,0,1,1,598,T,U,0,0,1,99,100,99,,99,98,100,,95,,
2012, Hackensack University Medical Center  ,1,0,1,1,598,T,U,0,0,1,99,100,100,,100,99,100,,86,,
2013, Hackensack University Medical Center  ,1,0,1,1,598,T,U,0,0,1,99,,100,,,,,99,97,,
2014, Hackensack University Medical Center  ,1,0,1,1,598,T,U,0,0,1,91,,,,,,,,91,,
2004, Newark Beth Israel Medical Center  ,2,0,1,1,580,T,I,1,0,1,90,94,94,92,88,76,,,,,
2005, Newark Beth Israel Medical Center  ,2,0,1,1,580,T,I,1,0,1,90,96,92,90,89,71,,,,,
2006, Newark Beth Israel Medical Center  ,2,0,1,1,580,T,I,1,0,1,94,96,96,90,94,89,100,,,,NA
2007, Newark Beth Israel Medical Center  ,2,0,1,1,580,T,I,1,0,1,95,97,98,88,95,98,98,,,38,
2008, Newark Beth Israel Medical Center  ,2,0,1,1,580,T,I,1,0,1,98,99,100,96,99,99,100,,,60,
2009, Newark Beth Israel Medical Center  ,2,0,1,1,580,T,I,1,0,1,99,99,100,98,100,99,100,,100,,
2010, Newark Beth Israel Medical Center  ,2,0,1,1,580,T,I,1,0,1,100,100,100,,100,100,100,,100,,
2011, Newark Beth Israel Medical Center  ,2,0,1,1,580,T,I,1,0,1,100,100,100,,100,100,100,,100,,
2012, Newark Beth Israel Medical Center  ,2,0,1,1,580,T,I,1,0,1,100,100,100,,100,100,100,,100,,
2013, Newark Beth Israel Medical Center  ,2,0,1,1,580,T,I,1,0,1,100,,100,,,,,100,100,,
2014, Newark Beth Israel Medical Center  ,2,0,1,1,580,T,I,1,0,1,100,,,,,,,,100,,
2004, Palisades Medical Center of New York  ,3,0,0,0,228,N,I,1,0,0,82,80,68,88,90,SN,,,,,
2005, Palisades Medical Center of New York  ,3,0,0,0,228,N,I,1,0,0,96,99,90,98,91,NA,,,,,
2006, Palisades Medical Center of New York  ,3,0,0,0,228,N,I,1,0,0,95,96,96,94,97,NA,NA,,,,NA
2007, Palisades Medical Center of New York  ,3,0,0,0,228,N,I,1,0,0,100,100,97,100,100,100,100,,,NA,
2008, Palisades Medical Center of New York  ,3,0,0,0,228,N,I,1,0,0,98,99,98,97,98,100,100,,,NA,
2009, Palisades Medical Center of New York  ,3,0,0,0,228,N,I,1,0,0,100,99,100,100,100,100,100,,NL,,
2010, Palisades Medical Center of New York  ,3,0,0,0,228,N,I,1,0,0,99,98,100,,100,100,100,,NL,,
2011, Palisades Medical Center of New York  ,3,0,0,0,228,N,I,1,0,0,99,98,100,,100,100,100,,NL,,
2012," Palisades Medical Center of New York, PHS",3,0,0,0,228,N,I,1,0,0,99,100,97,,100,100,100,,NL,,
2013," Palisades Medical Center of New York, PHS",3,0,0,0,228,N,I,1,0,0,100,,100,,,,,100,NL,,
2014," Palisades Medical Center of New York, PHS",3,0,0,0,228,N,I,1,0,0,NA,,,,,,,,NA,,
2004, Hunterdon Medical Center  ,5,0,0,0,198,O,R,0,1,1,94,95,SN,96,SN,SN,,,,,
2005, Hunterdon Medical Center  ,5,0,0,0,198,O,R,0,1,1,94,95,100,94,93,NA,,,,,
2006, Hunterdon Medical Center  ,5,0,0,0,198,O,R,0,1,1,96,97,100,99,93,NA,NA,,,,NA
2007, Hunterdon Medical Center  ,5,0,0,0,198,O,R,0,1,1,98,100,99,97,100,100,95,,,78,
2008, Hunterdon Medical Center  ,5,0,0,0,198,O,R,0,1,1,99,100,100,100,100,100,100,,,88,
2009, Hunterdon Medical Center  ,5,0,0,0,198,O,R,0,1,1,98,99,100,98,99,100,100,,91,,
2010, Hunterdon Medical Center  ,5,0,0,0,198,O,R,0,1,1,98,100,98,,100,100,100,,88,,
2011, Hunterdon Medical Center  ,5,0,0,0,198,O,R,0,1,1,99,99,100,,99,100,100,,96,,
2012, Hunterdon Medical Center  ,5,0,0,0,198,O,R,0,1,1,98,98,100,,97,100,95,,94,,
2013, Hunterdon Medical Center  ,5,0,0,0,198,O,R,0,1,1,100,,100,,,,,100,97,,
2014, Hunterdon Medical Center  ,5,0,0,0,198,O,R,0,1,1,98,,,,,,,,98,,
2004, St. Mary's Hospital (Passaic)  ,6,0,0,0,266,N,U,0,0,0,83,SN,SN,SN,SN,SN,,,,,
2005, St. Mary's Hospital (Passaic)  ,6,0,0,0,266,N,U,0,0,0,85,90,NA,75,NA,NA,,,,,
2006, St. Mary's Hospital (Passaic)  ,6,0,0,0,266,N,U,0,0,0,90,96,NA,NA,NA,NA,NA,,,,NA
2007, St. Mary's Hospital (Passaic)  ,6,0,0,0,266,N,U,0,0,0,83,90,63,85,80,100,80,,,NA,
2008, St. Mary's Hospital (Passaic)  ,6,0,0,0,266,N,U,0,0,0,90,94,90,94,95,82,98,,,40,
2009, St. Mary's Hospital (Passaic)  ,6,0,0,0,266,N,U,0,0,0,94,98,98,96,96,93,100,,58,,
2010, St. Mary's Hospital (Passaic)  ,6,0,0,0,266,N,U,0,0,0,93,98,97,,94,100,100,,52,,
2011, St. Mary's Hospital (Passaic)  ,6,0,0,0,266,N,U,0,0,0,98,98,100,,100,NA,100,,75,,
2012, St. Mary's Hospital (Passaic)  ,6,0,0,0,266,N,U,0,0,0,98,100,100,,99,100,100,,77,,
2013, St. Mary's Hospital (Passaic)  ,6,0,0,0,266,N,U,0,0,0,99,,100,,,,,100,90,,
2014, St. Mary's Hospital (Passaic)  ,6,0,0,0,266,N,U,0,0,0,100,,,,,,,,100,,
2004, Holy Name Hospital  ,8,0,0,0,404,N,S,0,0,0,85,93,79,86,79,SN,,,,,
2005, Holy Name Hospital  ,8,0,0,0,404,N,S,0,0,0,83,94,63,95,65,50,,,,,
2006, Holy Name Hospital  ,8,0,0,0,404,N,S,0,0,0,94,97,89,95,91,84,NA,,,,NA
2007, Holy Name Hospital  ,8,0,0,0,404,N,S,0,0,0,94,98,93,98,92,72,100,,,83,
2008, Holy Name Hospital  ,8,0,0,0,404,N,S,0,0,0,98,99,96,99,98,91,100,,,93,
2009, Holy Name Hospital  ,8,0,0,0,404,N,S,0,0,0,100,100,100,100,100,100,100,,100,,
2010, Holy Name Hospital  ,8,0,0,0,404,N,S,0,0,0,100,100,100,,100,100,100,,100,,
2011, Holy Name Hospital  ,8,0,0,0,404,N,S,0,0,0,100,100,100,,100,100,100,,100,,
2012, Holy Name Medical Center,8,0,0,0,404,N,S,0,0,0,100,100,100,,100,100,100,,95,,
2013, Holy Name Medical Center,8,0,0,0,404,N,S,0,0,0,100,,100,,,,,100,100,,
2014, Holy Name Medical Center,8,0,0,0,404,N,S,0,0,0,96,,,,,,,,96,,
2004, Clara Maass Medical Center  ,9,0,0,0,529,N,U,0,0,0,85,89,76,86,80,SN,,,,,
2005, Clara Maass Medical Center  ,9,0,0,0,529,N,U,0,0,0,99,99,100,98,100,NA,,,,,
2006, Clara Maass Medical Center  ,9,0,0,0,529,N,U,0,0,0,98,100,100,100,100,NA,NA,,,,NA
2007, Clara Maass Medical Center  ,9,0,0,0,529,N,U,0,0,0,98,99,100,98,100,100,100,,,60,
2008, Clara Maass Medical Center  ,9,0,0,0,529,N,U,0,0,0,100,100,100,100,100,100,100,,,91,
2009, Clara Maass Medical Center  ,9,0,0,0,529,N,U,0,0,0,100,100,100,100,100,100,100,,100,,
2010, Clara Maass Medical Center  ,9,0,0,0,529,N,U,0,0,0,100,100,100,,100,100,100,,90,,
2011, Clara Maass Medical Center  ,9,0,0,0,529,N,U,0,0,0,100,100,100,,100,100,100,,100,,
2012, Clara Maass Medical Center  ,9,0,0,0,529,N,U,0,0,0,100,100,100,,100,100,100,,95,,
2013, Clara Maass Medical Center  ,9,0,0,0,529,N,U,0,0,0,100,,100,,,,,99,100,,
2014, Clara Maass Medical Center  ,9,0,0,0,529,N,U,0,0,0,93,,,,,,,,93,,
2004, University Medical Center at Princeton  ,10,0,0,0,318,O,S,0,0,1,91,95,87,93,86,SN,,,,,
2005, University Medical Center at Princeton  ,10,0,0,0,318,O,S,0,0,1,100,100,98,99,100,NA,,,,,
2006, University Medical Center at Princeton  ,10,0,0,0,318,O,S,0,0,1,99,99,100,99,100,NA,NA,,,,NA
2007, University Medical Center at Princeton  ,10,0,0,0,318,O,S,0,0,1,96,99,98,98,98,91,91,,,38,
2008, University Medical Center at Princeton  ,10,0,0,0,318,O,S,0,0,1,98,100,100,99,99,95,89,,,50,
2009, University Medical Center at Princeton  ,10,0,0,0,318,O,S,0,0,1,97,99,99,99,99,93,90,,36,,
2010, University Medical Center at Princeton  ,10,0,0,0,318,O,S,0,0,1,98,98,100,,99,100,100,,73,,
2011, University Medical Center at Princeton  ,10,0,0,0,318,O,S,0,0,1,99,99,100,,100,100,100,,96,,
2012, University Medical Center at Princeton  ,10,0,0,0,318,O,S,0,0,1,100,100,100,,100,100,100,,100,,
2013, University Medical Center at Princeton  ,10,0,0,0,318,O,S,0,0,1,98,,97,,,,,99,90,,
2014, University Medical Center of Princeton  at Plainsboro,10,0,0,0,318,O,S,0,0,1,90,,,,,,,,90,,
2004, Burdette Tomlin Memorial Hospital  ,11,0,0,0,258,N,R,0,1,0,78,79,56,90,76,SN,,,,,
2005, Burdette Tomlin Memorial Hospital  ,11,0,0,0,258,N,R,0,1,0,92,89,94,96,97,NA,,,,,
2006, Burdette Tomlin Memorial Hospital  ,11,0,0,0,258,N,R,0,1,0,93,91,96,94,100,NA,NA,,,,NA
2007, Cape Regional Medical Center  ,11,0,0,0,258,N,R,0,1,0,91,87,96,92,95,83,100,,,NA,
2008, Cape Regional Medical Center  ,11,0,0,0,258,N,R,0,1,0,99,98,100,98,100,100,100,,,NA,
2009, Cape Regional Medical Center  ,11,0,0,0,258,N,R,0,1,0,99,98,100,100,100,100,100,,NL,,
2010, Cape Regional Medical Center  ,11,0,0,0,258,N,R,0,1,0,100,100,100,,100,100,100,,NL,,
2011, Cape Regional Medical Center  ,11,0,0,0,258,N,R,0,1,0,98,100,94,,94,100,100,,NL,,
2012, Cape Regional Medical Center  ,11,0,0,0,258,N,R,0,1,0,99,97,100,,100,100,100,,NL,,
2013, Cape Regional Medical Center  ,11,0,0,0,258,N,R,0,1,0,95,,97,,,,,93,NL,,
2014, Cape Regional Medical Center  ,11,0,0,0,258,N,R,0,1,0,NA,,,,,,,,NA,,
2004, Valley Hospital  ,12,0,1,1,479,N,S,0,0,0,92,93,93,92,94,83,,,,,
2005, Valley Hospital  ,12,0,1,1,479,N,S,0,0,0,90,89,90,90,93,79,,,,,
2006, Valley Hospital  ,12,0,1,1,479,N,S,0,0,0,93,92,96,93,96,93,100,,,,55
2007, Valley Hospital  ,12,0,1,1,479,N,S,0,0,0,96,98,97,97,98,80,100,,,50,
2008, Valley Hospital  ,12,0,1,1,479,N,S,0,0,0,97,97,97,97,98,100,100,,,76,
2009, Valley Hospital  ,12,0,1,1,479,N,S,0,0,0,97,97,98,96,98,96,100,,89,,
2010, Valley Hospital  ,12,0,1,1,479,N,S,0,0,0,98,97,99,,99,90,100,,89,,
2011, Valley Hospital  ,12,0,1,1,479,N,S,0,0,0,98,99,98,,98,100,100,,89,,
2012, Valley Hospital  ,12,0,1,1,479,N,S,0,0,0,98,98,98,,98,100,100,,95,,
2013, Valley Hospital  ,12,0,1,1,479,N,S,0,0,0,98,,99,,,,,97,98,,
2014, Valley Hospital  ,12,0,1,1,479,N,S,0,0,0,100,,,,,,,,100,,
2004, Irvington General Hospital  ,13,0,0,0,157,N,U,0,0,0,98,100,SN,SN,SN,SN,,,,,
2005, Irvington General Hospital  ,13,0,0,0,157,N,U,0,0,0,97,100,NA,NA,NA,NA,,,,,
2006, Irvington General Hospital  ,13,0,0,0,157,N,U,0,0,0,CLOSED,,,,,,,,,,
2007, Irvington General Hospital  ,13,0,0,0,157,N,U,0,0,0,CLOSED,,,,,,,,,,
2008, Irvington General Hospital  ,13,0,0,0,157,N,U,0,0,0,CLOSED,,,,,,,,,,
2009, Irvington General Hospital  ,13,0,0,0,157,N,U,0,0,0,CLOSED,,,,,,,,,,
2010, Irvington General Hospital  ,13,0,0,0,157,N,U,0,0,0,CLOSED,,,,,,,,,,
2011, Irvington General Hospital  ,13,0,0,0,157,N,U,0,0,0,CLOSED,,,,,,,,,,
2012, Irvington General Hospital  ,13,0,0,0,157,N,U,0,0,0,CLOSED,,,,,,,,,,
2013, Irvington General Hospital  ,13,0,0,0,157,N,U,0,0,0,CLOSED,,,,,,,,,,
2014, Irvington General Hospital  ,13,0,0,0,157,N,U,0,0,0,CLOSED,,,,,,,,,,
2004, Cooper Hospital/University Medical Center  ,14,0,1,1,578,T,I,1,0,1,93,94,96,91,91,88,,,,,
2005, Cooper Hospital/University Medical Center  ,14,0,1,1,578,T,I,1,0,1,95,95,97,93,97,82,,,,,
2006, Cooper Hospital/University Medical Center  ,14,0,1,1,578,T,I,1,0,1,97,98,98,97,98,91,97,,,,NA
2007, Cooper Hospital/University Medical Center  ,14,0,1,1,578,T,I,1,0,1,98,99,98,98,99,97,100,,,29,
2008, Cooper Hospital/University Medical Center  ,14,0,1,1,578,T,I,1,0,1,97,99,98,96,98,99,100,,,36,
2009, Cooper Hospital/University Medical Center  ,14,0,1,1,578,T,I,1,0,1,97,98,98,95,99,95,100,,27,,
2010, Cooper Hospital/University Medical Center  ,14,0,1,1,578,T,I,1,0,1,98,97,98,,99,100,100,,79,,
2011, Cooper Hospital/University Medical Center  ,14,0,1,1,578,T,I,1,0,1,99,100,99,,100,98,100,,87,,
2012, Cooper Hospital/University Medical Center  ,14,0,1,1,578,T,I,1,0,1,100,100,100,,100,99,100,,98,,
2013, Cooper Hospital/University Medical Center  ,14,0,1,1,578,T,I,1,0,1,99,,100,,,,,99,90,,
2014, Cooper Hospital/University Medical Center  ,14,0,1,1,578,T,I,1,0,1,100,,,,,,,,100,,
2004, Morristown Memorial Hospital  ,15,1,1,1,598,T,S,0,0,1,96,96,99,95,98,86,,,,,
2005, Morristown Memorial Hospital  ,15,1,1,1,598,T,S,0,0,1,98,99,100,99,98,93,,,,,
2006, Morristown Memorial Hospital  ,15,1,1,1,598,T,S,0,0,1,96,100,98,98,98,88,100,,,,56
2007, Morristown Memorial Hospital  ,15,1,1,1,598,T,S,0,0,1,98,99,99,97,99,94,99,,,65,
2008, Morristown Memorial Hospital  ,15,1,1,1,598,T,S,0,0,1,99,100,100,100,99,96,100,,,79,
2009, Morristown Memorial Hospital  ,15,1,1,1,598,T,S,0,0,1,99,99,100,96,99,98,100,,90,,
2010, Morristown Memorial Hospital  ,15,1,1,1,598,T,S,0,0,1,98,98,99,,99,94,100,,84,,
2011, Morristown Memorial Hospital  ,15,1,1,1,598,T,S,0,0,1,98,99,100,,99,100,100,,88,,
2012, Morristown Memorial Hospital  ,15,1,1,1,598,T,S,0,0,1,98,99,99,,97,96,100,,91,,
2013, Morristown Memorial Hospital  ,15,1,1,1,598,T,S,0,0,1,98,,99,,,,,97,92,,
2014, Morristown Memorial Hospital  ,15,1,1,1,598,T,S,0,0,1,86,,,,,,,,86,,
2004, Christ Hospital  ,16,0,0,0,426,N,I,1,0,0,79,85,70,84,62,SN,,,,,
2005, Christ Hospital  ,16,0,0,0,426,N,I,1,0,0,67,89,38,65,44,NA,,,,,
2006, Christ Hospital  ,16,0,0,0,426,N,I,1,0,0,84,96,60,93,50,NA,NA,,,,NA
2007, Christ Hospital  ,16,0,0,0,426,N,I,1,0,0,87,95,83,89,77,77,86,,,57,
2008, Christ Hospital  ,16,0,0,0,426,N,I,1,0,0,91,95,78,96,90,100,100,,,70,
2009, Christ Hospital  ,16,0,0,0,426,N,I,1,0,0,81,96,54,94,66,68,100,,77,,
2010, Christ Hospital  ,16,0,0,0,426,N,I,1,0,0,92,98,87,,91,85,100,,77,,
2011, Christ Hospital  ,16,0,0,0,426,N,I,1,0,0,96,97,95,,96,95,100,,94,,
2012, Christ Hospital  ,16,0,0,0,426,N,I,1,0,0,99,100,100,,98,100,100,,90,,
2013,Christ Hospital  ,16,0,0,0,426,N,I,1,0,0,86,,92,,,,,82,78,,
2014,CarePoint - Christ Hospital,16,0,0,0,426,N,I,1,0,0,100,,,,,,,,100,,
2004, Chilton Memorial Hospital  ,17,0,0,0,295,N,S,0,0,0,82,88,68,83,81,SN,,,,,
2005, Chilton Memorial Hospital  ,17,0,0,0,295,N,S,0,0,0,100,99,100,100,100,NA,,,,,
2006, Chilton Memorial Hospital  ,17,0,0,0,295,N,S,0,0,0,98,99,100,99,100,NA,NA,,,,84
2007, Chilton Memorial Hospital  ,17,0,0,0,295,N,S,0,0,0,98,100,97,99,99,96,96,,,91,
2008, Chilton Memorial Hospital  ,17,0,0,0,295,N,S,0,0,0,97,97,94,98,97,98,100,,,91,
2009, Chilton Memorial Hospital  ,17,0,0,0,295,N,S,0,0,0,97,97,94,99,100,97,100,,88,,
2010, Chilton Memorial Hospital  ,17,0,0,0,295,N,S,0,0,0,96,99,93,,95,100,100,,89,,
2011, Chilton Memorial Hospital  ,17,0,0,0,295,N,S,0,0,0,98,99,99,,100,100,100,,89,,
2012, Chilton Memorial Hospital  ,17,0,0,0,295,N,S,0,0,0,99,100,100,,99,100,100,,97,,
2013, Chilton Memorial Hospital  ,17,0,0,0,295,N,S,0,0,0,99,,100,,,,,100,95,,
2014, Chilton Memorial Hospital  ,17,0,0,0,295,N,S,0,0,0,96,,,,,,,,96,,
2004, Cathedral-St. James Hospital  ,18,0,NO DATA,NO DATA,NO DATA,NO DATA,NO DATA,NO DATA,NO DATA,NO DATA,75,84,SN,SN,SN,SN,,,,,
2005, Cathedral-St. James Hospital  ,18,0,NO DATA,NO DATA,NO DATA,NO DATA,NO DATA,NO DATA,NO DATA,NO DATA,100,NA,NA,NA,NA,NA,,,,,
2006, Cathedral-St. James Hospital  ,18,0,NO DATA,NO DATA,NO DATA,NO DATA,NO DATA,NO DATA,NO DATA,NO DATA,96,98,NA,94,NA,NA,NA,,,,NA
2007, Cathedral-St. James Hospital  ,18,0,NO DATA,NO DATA,NO DATA,NO DATA,NO DATA,NO DATA,NO DATA,NO DATA,90,86,100,89,89,100,100,,,NA,
2008, Cathedral-St. James Hospital  ,18,0,NO DATA,NO DATA,NO DATA,NO DATA,NO DATA,NO DATA,NO DATA,NO DATA,CLOSED,,,,,,,,,,
2009, Cathedral-St. James Hospital  ,18,0,NO DATA,NO DATA,NO DATA,NO DATA,NO DATA,NO DATA,NO DATA,NO DATA,CLOSED,,,,,,,,,,
2010, Cathedral-St. James Hospital  ,18,0,NO DATA,NO DATA,NO DATA,NO DATA,NO DATA,NO DATA,NO DATA,NO DATA,CLOSED,,,,,,,,,,
2011, Cathedral-St. James Hospital  ,18,0,NO DATA,NO DATA,NO DATA,NO DATA,NO DATA,NO DATA,NO DATA,NO DATA,CLOSED,,,,,,,,,,
2012, Cathedral-St. James Hospital  ,18,0,NO DATA,NO DATA,NO DATA,NO DATA,NO DATA,NO DATA,NO DATA,NO DATA,CLOSED,,,,,,,,,,
2013, Cathedral-St. James Hospital  ,18,0,NO DATA,NO DATA,NO DATA,NO DATA,NO DATA,NO DATA,NO DATA,NO DATA,CLOSED,,,,,,,,,,
2014, Cathedral-St. James Hospital  ,18,0,NO DATA,NO DATA,NO DATA,NO DATA,NO DATA,NO DATA,NO DATA,NO DATA,CLOSED,,,,,,,,,,
2004, St. Joseph's Hospital and Medical Center  ,19,0,1,1,596,T,I,1,0,1,87,96,87,94,88,64,,,,,
2005, St. Joseph's Hospital and Medical Center  ,19,0,1,1,596,T,I,1,0,1,94,99,92,95,93,82,,,,,
2006, St. Joseph's Hospital and Medical Center  ,19,0,1,1,596,T,I,1,0,1,93,99,96,98,96,83,77,,,,37
2007, St. Joseph's Hospital and Medical Center  ,19,0,1,1,596,T,I,1,0,1,97,100,98,100,98,92,100,,,26,
2008, St. Joseph's Hospital and Medical Center  ,19,0,1,1,596,T,I,1,0,1,98,100,98,100,98,96,100,,,75,
2009, St. Joseph's Hospital and Medical Center  ,19,0,1,1,596,T,I,1,0,1,97,99,96,98,98,93,100,,73,,
2010, St. Joseph's Hospital and Medical Center  ,19,0,1,1,596,T,I,1,0,1,97,99,96,,96,95,100,,89,,
2011, St. Joseph's Hospital and Medical Center  ,19,0,1,1,596,T,I,1,0,1,99,100,100,,99,93,100,,99,,
2012, St. Joseph's Hospital and Medical Center  ,19,0,1,1,596,T,I,1,0,1,99,100,99,,99,97,100,,94,,
2013, St. Joseph's Regional Medical Center  ,19,0,1,1,596,T,I,1,0,1,99,,100,,,,,99,97,,
2014, St. Joseph's Regional Medical Center  ,19,0,1,1,596,T,I,1,0,1,96,,,,,,,,96,,
2004, PBI Regional Medical Center  ,20,0,0,0,223,N,I,1,0,0,84,94,82,81,81,76,,,,,
2005, PBI Regional Medical Center  ,20,0,0,0,223,N,I,1,0,0,81,94,78,88,77,52,,,,,
2006, PBI Regional Medical Center  ,20,0,0,0,223,N,I,1,0,0,87,88,87,92,91,65,88,,,,49
2007, PBI Regional Medical Center  ,20,0,0,0,223,N,I,1,0,0,MERGED WITH and changed names to St. Mary's Hospital (Passaic),,,,,,,,,,
2008, PBI Regional Medical Center  ,20,0,0,0,223,N,I,1,0,0,MERGED WITH and changed names to St. Mary's Hospital (Passaic),,,,,,,,,,
2009, PBI Regional Medical Center  ,20,0,0,0,223,N,I,1,0,0,MERGED WITH and changed names to St. Mary's Hospital (Passaic),,,,,,,,,,
2010, PBI Regional Medical Center  ,20,0,0,0,223,N,I,1,0,0,MERGED WITH and changed names to St. Mary's Hospital (Passaic),,,,,,,,,,
2011, PBI Regional Medical Center  ,20,0,0,0,223,N,I,1,0,0,MERGED WITH and changed names to St. Mary's Hospital (Passaic),,,,,,,,,,
2012, PBI Regional Medical Center  ,20,0,0,0,223,N,I,1,0,0,MERGED WITH and changed names to St. Mary's Hospital (Passaic),,,,,,,,,,
2013, PBI Regional Medical Center  ,20,0,0,0,223,N,I,1,0,0,MERGED WITH and changed names to St. Mary's Hospital (Passaic),,,,,,,,,,
2014, PBI Regional Medical Center  ,20,0,0,0,223,N,I,1,0,0,MERGED WITH and changed names to St. Mary's Hospital (Passaic),,,,,,,,,,
2004, St. Francis Medical Center  ,21,0,1,0,463,O,I,1,0,1,96,99,98,98,95,80,,,,,
2005, St. Francis Medical Center  ,21,0,1,0,463,O,I,1,0,1,97,98,98,100,98,83,,,,,
2006, St. Francis Medical Center  ,21,0,1,0,463,O,I,1,0,1,93,98,99,100,100,74,76,,,,56
2007, St. Francis Medical Center  ,21,0,1,0,463,O,I,1,0,1,94,98,98,95,97,73,82,,,20,
2008, St. Francis Medical Center  ,21,0,1,0,463,O,I,1,0,1,94,99,97,97,96,81,97,,,42,
2009, St. Francis Medical Center  ,21,0,1,0,463,O,I,1,0,1,98,100,98,98,98,96,100,,77,,
2010, St. Francis Medical Center  ,21,0,1,0,463,O,I,1,0,1,97,100,99,,98,100,100,,54,,
2011, St. Francis Medical Center  ,21,0,1,0,463,O,I,1,0,1,99,99,99,,100,91,100,,69,,
2012, St. Francis Medical Center  ,21,0,1,0,463,O,I,1,0,1,100,100,100,,100,100,100,,93,,
2013, St. Francis Medical Center  ,21,0,1,0,463,O,I,1,0,1,100,,99,,,,,100,97,,
2014, St. Francis Medical Center  ,21,0,1,0,463,O,I,1,0,1,90,,,,,,,,90,,
2004, Virtua-West Jersey Hospital Berlin  ,22,0,0,0,799,O,U,0,0,0,100,99,100,100,100,SN,,,,,
2005, Virtua-West Jersey Hospital Berlin  ,22,0,0,0,799,O,U,0,0,0,97,95,97,98,100,NA,,,,,
2006, Virtua-West Jersey Hospital Berlin  ,22,0,0,0,799,O,U,0,0,0,98,99,100,99,97,NA,NA,,,,NA
2007, Virtua-West Jersey Hospital Berlin  ,22,0,0,0,799,O,U,0,0,0,97,98,92,100,100,91,100,,,NA,
2008, Virtua-West Jersey Hospital Berlin  ,22,0,0,0,799,O,U,0,0,0,99,100,100,96,100,100,100,,,NA,
2009, Virtua-West Jersey Hospital Berlin  ,22,0,0,0,799,O,U,0,0,0,100,100,100,100,100,100,100,,NL,,
2010, Virtua-West Jersey Hospital Berlin  ,22,0,0,0,799,O,U,0,0,0,100,100,100,,100,100,100,,NL,,
2011, Virtua-West Jersey Hospital Berlin  ,22,0,0,0,799,O,U,0,0,0,100,100,100,,100,100,100,,NL,,
2012, Virtua-West Jersey Hospital Berlin  ,22,0,0,0,799,O,U,0,0,0,98,100,97,,97,100,100,,NL,,
2013, Virtua-West Jersey Hospital Berlin  ,22,0,0,0,799,O,U,0,0,0,96,,96,,,,,96,NL,,
2014, Virtua-West Jersey Hospital Berlin  ,22,0,0,0,799,O,U,0,0,0,NA,,,,,,,,NA,,
2004, Virtua-West Jersey Hospital Marlton  ,22,1,0,0,799,O,U,0,0,0,96,96,96,95,100,SN,,,,,
2005, Virtua-West Jersey Hospital Marlton  ,22,1,0,0,799,O,U,0,0,0,95,94,94,96,100,NA,,,,,
2006, Virtua-West Jersey Hospital Marlton  ,22,1,0,0,799,O,U,0,0,0,96,98,95,96,98,NA,NA,,,,NA
2007, Virtua-West Jersey Hospital Marlton  ,22,1,0,0,799,O,U,0,0,0,96,99,99,96,99,89,94,,,33,
2008, Virtua-West Jersey Hospital Marlton  ,22,1,0,0,799,O,U,0,0,0,95,98,98,96,100,100,100,,,50,
2009, Virtua-West Jersey Hospital Marlton  ,22,1,0,0,799,O,U,0,0,0,96,98,98,92,100,100,100,,80,,
2010, Virtua-West Jersey Hospital Marlton  ,22,1,0,0,799,O,U,0,0,0,99,99,99,,100,100,100,,84,,
2011, Virtua-West Jersey Hospital Marlton  ,22,1,0,0,799,O,U,0,0,0,98,100,99,,99,100,100,,84,,
2012, Virtua-West Jersey Hospital Marlton  ,22,1,0,0,799,O,U,0,0,0,98,98,98,,100,98,100,,94,,
2013, Virtua-West Jersey Hospital Marlton  ,22,1,0,0,799,O,U,0,0,0,97,,99,,,,,97,93,,
2014, Virtua-West Jersey Hospital Marlton  ,22,1,0,0,799,O,U,0,0,0,98,,,,,,,,98,,
2004, Virtua-West Jersey Hospital Voorhees  ,22,2,0,0,799,O,U,0,0,0,97,98,97,97,98,SN,,,,,
2005, Virtua-West Jersey Hospital Voorhees  ,22,2,0,0,799,O,U,0,0,0,98,98,100,99,99,NA,,,,,
2006, Virtua-West Jersey Hospital Voorhees  ,22,2,0,0,799,O,U,0,0,0,97,97,97,96,100,NA,NA,,,,NA
2007, Virtua-West Jersey Hospital Voorhees  ,22,2,0,0,799,O,U,0,0,0,97,97,99,94,99,100,100,,,NA,
2008, Virtua-West Jersey Hospital Voorhees  ,22,2,0,0,799,O,U,0,0,0,98,98,99,96,100,93,100,,,NA,
2009, Virtua-West Jersey Hospital Voorhees  ,22,2,0,0,799,O,U,0,0,0,98,98,99,97,99,100,100,,NL,,
2010, Virtua-West Jersey Hospital Voorhees  ,22,2,0,0,799,O,U,0,0,0,100,100,100,,100,100,100,,NL,,
2011, Virtua-West Jersey Hospital Voorhees  ,22,2,0,0,799,O,U,0,0,0,99,98,100,,100,100,100,,NL,,
2012, Virtua-West Jersey Hospital Voorhees  ,22,2,0,0,799,O,U,0,0,0,99,99,100,,99,95,100,,NL,,
2013, Virtua-West Jersey Hospital Voorhees  ,22,2,0,0,799,O,U,0,0,0,100,,100,,,,,100,NL,,
2014, Virtua-West Jersey Hospital Voorhees  ,22,2,0,0,799,O,U,0,0,0,NA,,,,,,,,NA,,
2004, RWJ University Hospital at Rahway  ,24,0,0,0,335,N,U,0,0,0,97,95,93,99,98,SN,,,,,
2005, RWJ University Hospital at Rahway  ,24,0,0,0,335,N,U,0,0,0,92,94,84,95,89,NA,,,,,
2006, RWJ University Hospital at Rahway  ,24,0,0,0,335,N,U,0,0,0,94,98,NA,93,92,NA,NA,,,,NA
2007, RWJ University Hospital at Rahway  ,24,0,0,0,335,N,U,0,0,0,96,98,91,97,100,57,100,,,NA,
2008, RWJ University Hospital at Rahway  ,24,0,0,0,335,N,U,0,0,0,96,98,91,96,94,93,100,,,NA,
2009, RWJ University Hospital at Rahway  ,24,0,0,0,335,N,U,0,0,0,97,98,97,95,100,93,100,,NL,,
2010, RWJ University Hospital at Rahway  ,24,0,0,0,335,N,U,0,0,0,99,98,100,,98,100,100,,NL,,
2011, RWJ University Hospital at Rahway  ,24,0,0,0,335,N,U,0,0,0,100,100,100,,100,100,100,,NL,,
2012, RWJ University Hospital at Rahway  ,24,0,0,0,335,N,U,0,0,0,99,99,100,,100,100,100,,NL,,
2013, RWJ University Hospital at Rahway  ,24,0,0,0,335,N,U,0,0,0,99,,100,,,,,100,90,,
2014, RWJ University Hospital at Rahway  ,24,0,0,0,335,N,U,0,0,0,91,,,,,,,,91,,
2004, Bayonne Medical Center  ,25,0,0,0,314,N,U,0,0,0,75,98,78,66,52,SN,,,,,
2005, Bayonne Medical Center  ,25,0,0,0,314,N,U,0,0,0,93,100,83,93,92,NA,,,,,
2006, Bayonne Medical Center  ,25,0,0,0,314,N,U,0,0,0,100,100,100,100,100,NA,NA,,,,NA
2007, Bayonne Medical Center  ,25,0,0,0,314,N,U,0,0,0,99,100,100,100,100,100,100,,,56,
2008, Bayonne Medical Center  ,25,0,0,0,314,N,U,0,0,0,96,97,89,99,99,100,93,,,57,
2009, Bayonne Medical Center  ,25,0,0,0,314,N,U,0,0,0,95,96,92,97,96,95,86,,78,,
2010, Bayonne Medical Center  ,25,0,0,0,314,N,U,0,0,0,99,99,100,,100,100,100,,82,,
2011, Bayonne Medical Center  ,25,0,0,0,314,N,U,0,0,0,99,100,100,,100,100,100,,83,,
2012, Bayonne Medical Center  ,25,0,0,0,314,N,U,0,0,0,100,100,100,,100,100,100,,100,,
2013,Bayonne Medical Center  ,25,0,0,0,314,N,U,0,0,0,100,,100,,,,,100,100,,
2014,CarePoint - Bayonne Medical Center  ,25,0,0,0,314,N,U,0,0,0,82,82,,,,,,,,,
2004, Barnert Hospital  ,26,0,0,0,305,N,I,1,0,0,97,SN,SN,SN,SN,SN,,,,,
2005, Barnert Hospital  ,26,0,0,0,305,N,I,1,0,0,78,84,NA,75,NA,NA,,,,,
2006, Barnert Hospital  ,26,0,0,0,305,N,I,1,0,0,69,71,NA,77,NA,NA,NA,,,,NA
2007, Barnert Hospital  ,26,0,0,0,305,N,I,1,0,0,81,83,0,91,86,80,NA,,,NA,
2008, Barnert Hospital  ,26,0,0,0,305,N,I,1,0,0,CLOSED,,,,,,,,,,
2009, Barnert Hospital  ,26,0,0,0,305,N,I,1,0,0,CLOSED,,,,,,,,,,
2010, Barnert Hospital  ,26,0,0,0,305,N,I,1,0,0,CLOSED,,,,,,,,,,
2011, Barnert Hospital  ,26,0,0,0,305,N,I,1,0,0,CLOSED,,,,,,,,,,
2012, Barnert Hospital  ,26,0,0,0,305,N,I,1,0,0,CLOSED,,,,,,,,,,
2013, Barnert Hospital  ,26,0,0,0,305,N,I,1,0,0,CLOSED,,,,,,,,,,
2014, Barnert Hospital  ,26,0,0,0,305,N,I,1,0,0,CLOSED,,,,,,,,,,
2004, Newton Memorial Hospital  ,28,0,0,0,189,N,R,0,1,0,92,95,SN,93,92,SN,,,,,
2005, Newton Memorial Hospital  ,28,0,0,0,189,N,R,0,1,0,94,94,93,93,94,NA,,,,,
2006, Newton Memorial Hospital  ,28,0,0,0,189,N,R,0,1,0,95,93,100,98,94,NA,NA,,,,NA
2007, Newton Memorial Hospital  ,28,0,0,0,189,N,R,0,1,0,99,100,100,97,100,100,100,,,NA,
2008, Newton Memorial Hospital  ,28,0,0,0,189,N,R,0,1,0,99,98,100,100,100,100,NA,,,NA,
2009, Newton Memorial Hospital  ,28,0,0,0,189,N,R,0,1,0,98,96,100,97,100,100,100,,NL,,
2010, Newton Memorial Hospital  ,28,0,0,0,189,N,R,0,1,0,100,100,100,100,100,100,100,,NL,,
2011, Newton Medical Center,28,0,0,0,189,N,R,0,1,0,99,100,100,,97,100,100,,NL,,
2012, Newton Medical Center,28,0,0,0,189,N,R,0,1,0,100,100,100,,100,100,100,,NL,,
2013, Newton Medical Center,28,0,0,0,189,N,R,0,1,0,99,,100,,,,,98,NL,,
2014, Newton Medical Center,28,0,0,0,189,N,R,0,1,0,NA,,,,,,,,NA,,
2004, Our Lady of Lourdes Medical Center  ,29,0,1,1,382,O,I,1,0,1,97,99,98,98,98,88,,,,,
2005, Our Lady of Lourdes Medical Center  ,29,0,1,1,382,O,I,1,0,1,98,94,98,97,98,96,,,,,
2006, Our Lady of Lourdes Medical Center  ,29,0,1,1,382,O,I,1,0,1,97,97,99,96,99,84,99,,,,NA
2007, Our Lady of Lourdes Medical Center  ,29,0,1,1,382,O,I,1,0,1,97,97,98,99,98,93,96,,,14,
2008, Our Lady of Lourdes Medical Center  ,29,0,1,1,382,O,I,1,0,1,99,98,99,97,100,100,100,,,45,
2009, Our Lady of Lourdes Medical Center  ,29,0,1,1,382,O,I,1,0,1,99,100,99,97,99,100,100,,79,,
2010, Our Lady of Lourdes Medical Center  ,29,0,1,1,382,O,I,1,0,1,99,100,100,,99,97,100,,76,,
2011, Our Lady of Lourdes Medical Center  ,29,0,1,1,382,O,I,1,0,1,100,99,100,,100,100,100,,89,,
2012, Our Lady of Lourdes Medical Center  ,29,0,1,1,382,O,I,1,0,1,100,100,99,,100,98,100,,96,,
2013, Our Lady of Lourdes Medical Center  ,29,0,1,1,382,O,I,1,0,1,100,,99,,,,,100,100,,
2014, Our Lady of Lourdes Medical Center  ,29,0,1,1,382,O,I,1,0,1,100,,,,,,,,100,,
2004, Deborah Heart and Lung Center  ,31,0,1,1,155,T,R,0,1,1,98,SN,100,SN,99,90,,,,,
2005, Deborah Heart and Lung Center  ,31,0,1,1,155,T,R,0,1,1,99,NA,100,NA,100,95,,,,,
2006, Deborah Heart and Lung Center  ,31,0,1,1,155,T,R,0,1,1,99,NA,100,NA,98,96,99,,,,NA
2007, Deborah Heart and Lung Center  ,31,0,1,1,155,T,R,0,1,1,99,100,100,100,99,98,100,,,50,
2008, Deborah Heart and Lung Center  ,31,0,1,1,155,T,R,0,1,1,100,100,100,100,100,99,100,,,NA,
2009, Deborah Heart and Lung Center  ,31,0,1,1,155,T,R,0,1,1,100,100,100,100,100,99,100,,100,,
2010, Deborah Heart and Lung Center  ,31,0,1,1,155,T,R,0,1,1,100,100,100,,100,100,100,,NA,,
2011, Deborah Heart and Lung Center  ,31,0,1,1,155,T,R,0,1,1,100,100,100,,100,100,100,,NA,,
2012, Deborah Heart and Lung Center  ,31,0,1,1,155,T,R,0,1,1,100,99,99,,100,100,100,,100,,
2013, Deborah Heart and Lung Center  ,31,0,1,1,155,T,R,0,1,1,100,,100,,,,,100,100,,
2014, Deborah Heart and Lung Center  ,31,0,1,1,155,T,R,0,1,1,NA,,,,,,,,NA,,
2004, South Jersey Hospital–Bridgeton  ,32,2,0,0,389,N,R,0,1,0,90,98,SN,83,SN,SN,,,,,
2005, South Jersey Healthcare Regional Medical Center  ,32,3,0,0,389,N,R,0,1,0,91,93,89,95,88,NA,,,,,
2006, South Jersey Healthcare Regional Medical Center  ,32,3,0,0,389,N,R,0,1,0,96,97,95,98,93,92,NA,,,,NA
2007, South Jersey Healthcare Regional Medical Center  ,32,3,0,0,389,N,R,0,1,0,97,98,95,97,96,80,100,,,NA,
2008, South Jersey Healthcare Regional Medical Center  ,32,3,0,0,389,N,R,0,1,0,96,97,95,95,96,100,100,,,NA,
2009, South Jersey Healthcare Regional Medical Center  ,32,3,0,0,389,N,R,0,1,0,93,94,88,93,96,88,100,,NL,,
2010, South Jersey Healthcare Regional Medical Center  ,32,3,0,0,389,N,R,0,1,0,97,96,96,,98,100,100,,NL,,
2011, South Jersey Healthcare Regional Medical Center  ,32,3,0,0,389,N,R,0,1,0,99,99,97,,100,96,100,,NL,,
2012, South Jersey Healthcare Regional Medical Center  ,32,3,0,0,389,N,R,0,1,0,99,99,98,,100,100,100,,NL,,
2013, South Jersey Healthcare Regional Medical Center  ,32,3,0,0,389,N,R,0,1,0,98,,100,,,,,96,NL,,
2014, South Jersey Healthcare Regional Medical Center  ,32,3,0,0,389,N,R,0,1,0,78,,,,,,,,78,,
2004, South Jersey Hospital–Newcomb  ,32,4,0,0,389,N,R,0,1,0,89,88,81,91,97,SN,,,,,
2005, South Jersey Hospital–Newcomb  ,32,4,0,0,389,N,R,0,1,0,CLOSED - MERGED WITH SOUTH JERSEY HEALTHCARE REGIONAL MEDICAL CENTER,,,,,,,,,,
2006, South Jersey Hospital–Newcomb  ,32,4,0,0,389,N,R,0,1,0,CLOSED - MERGED WITH SOUTH JERSEY HEALTHCARE REGIONAL MEDICAL CENTER,,,,,,,,,,
2007, South Jersey Hospital–Newcomb  ,32,4,0,0,389,N,R,0,1,0,CLOSED - MERGED WITH SOUTH JERSEY HEALTHCARE REGIONAL MEDICAL CENTER,,,,,,,,,,
2008, South Jersey Hospital–Newcomb  ,32,4,0,0,389,N,R,0,1,0,CLOSED - MERGED WITH SOUTH JERSEY HEALTHCARE REGIONAL MEDICAL CENTER,,,,,,,,,,
2009, South Jersey Hospital–Newcomb  ,32,4,0,0,389,N,R,0,1,0,CLOSED - MERGED WITH SOUTH JERSEY HEALTHCARE REGIONAL MEDICAL CENTER,,,,,,,,,,
2010, South Jersey Hospital–Newcomb  ,32,4,0,0,389,N,R,0,1,0,CLOSED - MERGED WITH SOUTH JERSEY HEALTHCARE REGIONAL MEDICAL CENTER,,,,,,,,,,
2011, South Jersey Hospital–Newcomb  ,32,4,0,0,389,N,R,0,1,0,CLOSED - MERGED WITH SOUTH JERSEY HEALTHCARE REGIONAL MEDICAL CENTER,,,,,,,,,,
2012, South Jersey Hospital–Newcomb  ,32,4,0,0,389,N,R,0,1,0,CLOSED - MERGED WITH SOUTH JERSEY HEALTHCARE REGIONAL MEDICAL CENTER,,,,,,,,,,
2013, South Jersey Hospital–Newcomb  ,32,4,0,0,389,N,R,0,1,0,CLOSED - MERGED WITH SOUTH JERSEY HEALTHCARE REGIONAL MEDICAL CENTER,,,,,,,,,,
2014, South Jersey Hospital–Newcomb  ,32,4,0,0,389,N,R,0,1,0,CLOSED - MERGED WITH SOUTH JERSEY HEALTHCARE REGIONAL MEDICAL CENTER,,,,,,,,,,
2004, Riverview Medical Center  ,34,0,0,0,509,N,S,0,0,0,91,96,92,91,89,SN,,,,,
2005, Riverview Medical Center  ,34,0,0,0,509,N,S,0,0,0,97,98,96,99,90,NA,,,,,
2006, Riverview Medical Center  ,34,0,0,0,509,N,S,0,0,0,99,100,100,100,100,NA,100,,,,85
2007, Riverview Medical Center  ,34,0,0,0,509,N,S,0,0,0,99,100,100,100,100,100,100,,,82,
2008, Riverview Medical Center  ,34,0,0,0,509,N,S,0,0,0,99,100,100,100,100,100,100,,,77,
2009, Riverview Medical Center  ,34,0,0,0,509,N,S,0,0,0,99,100,100,100,100,100,100,,81,,
2010, Riverview Medical Center  ,34,0,0,0,509,N,S,0,0,0,99,100,100,,100,100,100,,86,,
2011, Riverview Medical Center  ,34,0,0,0,509,N,S,0,0,0,100,100,100,,100,100,100,,96,,
2012, Riverview Medical Center  ,34,0,0,0,509,N,S,0,0,0,99,100,100,,100,100,100,,93,,
2013, Riverview Medical Center  ,34,0,0,0,509,N,S,0,0,0,99,,100,,,,,100,92,,
2014, Riverview Medical Center  ,34,0,0,0,509,N,S,0,0,0,94,,,,,,,,94,,
2004, Pascack Valley Hospital  ,37,0,0,0,314,N,S,0,0,0,89,93,84,90,87,SN,,,,,
2005, Pascack Valley Hospital  ,37,0,0,0,314,N,S,0,0,0,91,93,90,93,91,77,,,,,
2006, Pascack Valley Hospital  ,37,0,0,0,314,N,S,0,0,0,90,92,92,89,90,NA,NA,,,,NA
2007, Pascack Valley Hospital  ,37,0,0,0,314,N,S,0,0,0,91,100,91,93,86,79,89,,,40,
2008, Pascack Valley Hospital  ,37,0,0,0,314,N,S,0,0,0,NOW HACKENSACK UNIVERSITY MEDICAL CENTER,,,,,,,,,,
2009, Pascack Valley Hospital  ,37,0,0,0,314,N,S,0,0,0,NOW HACKENSACK UNIVERSITY MEDICAL CENTER,,,,,,,,,,
2010, Pascack Valley Hospital  ,37,0,0,0,314,N,S,0,0,0,NOW HACKENSACK UNIVERSITY MEDICAL CENTER,,,,,,,,,,
2011, Pascack Valley Hospital  ,37,0,0,0,314,N,S,0,0,0,NOW HACKENSACK UNIVERSITY MEDICAL CENTER,,,,,,,,,,
2012, Pascack Valley Hospital  ,37,0,0,0,314,N,S,0,0,0,NOW HACKENSACK UNIVERSITY MEDICAL CENTER,,,,,,,,,,
2013, Pascack Valley Hospital  ,37,0,0,0,314,N,S,0,0,0,NOW HACKENSACK UNIVERSITY MEDICAL CENTER,,,,,,,,,,
2014, Pascack Valley Hospital  ,37,0,0,0,314,N,S,0,0,0,NOW HACKENSACK UNIVERSITY MEDICAL CENTER,,,,,,,,,,
2004, Robert Wood Johnson University Hospital  ,38,0,1,1,454,T,U,0,0,1,98,96,100,94,99,94,,,,,
2005, Robert Wood Johnson University Hospital  ,38,0,1,1,454,T,U,0,0,1,98,97,100,98,98,90,,,,,
2006, Robert Wood Johnson University Hospital  ,38,0,1,1,454,T,U,0,0,1,98,98,100,97,100,94,100,,,,77
2007, Robert Wood Johnson University Hospital  ,38,0,1,1,454,T,U,0,0,1,98,98,99,94,99,89,100,,,64,
2008, Robert Wood Johnson University Hospital  ,38,0,1,1,454,T,U,0,0,1,96,97,99,96,97,78,100,,,60,
2009, Robert Wood Johnson University Hospital  ,38,0,1,1,454,T,U,0,0,1,98,99,99,97,99,96,99,,90,,
2010, Robert Wood Johnson University Hospital  ,38,0,1,1,454,T,U,0,0,1,99,98,100,,100,99,100,,79,,
2011, Robert Wood Johnson University Hospital  ,38,0,1,1,454,T,U,0,0,1,99,100,100,,100,99,100,,86,,
2012, Robert Wood Johnson University Hospital  ,38,0,1,1,454,T,U,0,0,1,100,100,100,,100,100,100,,93,,
2013, Robert Wood Johnson University Hospital  ,38,0,1,1,454,T,U,0,0,1,100,,100,,,,,100,94,,
2014, Robert Wood Johnson University Hospital  ,38,0,1,1,454,T,U,0,0,1,98,,,,,,,,98,,
2004, Raritan Bay Medical Center–Old Bridge  ,39,0,0,0,567,O,U,0,0,1,84,93,SN,84,SN,SN,,,,,
2005, Raritan Bay Medical Center–Old Bridge  ,39,0,0,0,567,O,U,0,0,1,86,91,90,87,75,NA,,,,,
2006, Raritan Bay Medical Center-Old Bridge  ,39,0,0,0,567,O,U,0,0,1,91,91,92,88,98,NA,NA,,,,NA
2007, Raritan Bay Medical Center-Old Bridge  ,39,0,0,0,567,O,U,0,0,1,86,85,95,79,88,80,100,,,NA,
2008, Raritan Bay Medical Center-Old Bridge  ,39,0,0,0,567,O,U,0,0,1,87,88,92,76,97,80,67,,,NA,
2009, Raritan Bay Medical Center-Old Bridge  ,39,0,0,0,567,O,U,0,0,1,89,87,92,88,88,88,100,,NL,,
2010, Raritan Bay Medical Center-Old Bridge  ,39,0,0,0,567,O,U,0,0,1,92,93,79,,100,100,100,,NL,,
2011, Raritan Bay Medical Center-Old Bridge  ,39,0,0,0,567,O,U,0,0,1,97,98,90,,100,87,100,,NL,,
2012, Raritan Bay Medical Center-Old Bridge  ,39,0,0,0,567,O,U,0,0,1,94,93,94,,100,75,100,,NL,,
2013, Raritan Bay Medical Center-Old Bridge  ,39,0,0,0,567,O,U,0,0,1,86,,92,,,,,81,NL,,
2014, Raritan Bay Medical Center-Old Bridge  ,39,0,0,0,567,O,U,0,0,1,NA,,,,,,,,NA,,
2004, Raritan Bay Medical Center–Perth Amboy  ,39,2,0,0,567,O,U,0,0,1,90,95,70,94,94,SN,,,,,
2005, Raritan Bay Medical Center–Perth Amboy  ,39,2,0,0,567,O,U,0,0,1,95,98,96,93,96,88,,,,,
2006, Raritan Bay Medical Center-Perth Amboy  ,39,2,0,0,567,O,U,0,0,1,94,96,100,93,98,96,100,,,,62
2007, Raritan Bay Medical Center-Perth Amboy  ,39,2,0,0,567,O,U,0,0,1,94,96,100,93,96,87,100,,,27,
2008, Raritan Bay Medical Center-Perth Amboy  ,39,2,0,0,567,O,U,0,0,1,93,93,98,94,96,97,100,,,40,
2009, Raritan Bay Medical Center-Perth Amboy  ,39,2,0,0,567,O,U,0,0,1,93,96,97,92,96,95,98,,45,,
2010, Raritan Bay Medical Center-Perth Amboy  ,39,2,0,0,567,O,U,0,0,1,96,99,93,,96,97,100,,82,,
2011, Raritan Bay Medical Center-Perth Amboy  ,39,2,0,0,567,O,U,0,0,1,98,99,97,,98,96,100,,90,,
2012, Raritan Bay Medical Center-Perth Amboy  ,39,2,0,0,567,O,U,0,0,1,96,98,96,,97,100,100,,70,,
2013, Raritan Bay Medical Center-Perth Amboy  ,39,2,0,0,567,O,U,0,0,1,95,,96,,,,,96,82,,
2014, Raritan Bay Medical Center-Perth Amboy  ,39,2,0,0,567,O,U,0,0,1,91,,,,,,,,91,,
2004, St. Mary Hospital (Hoboken)  ,40,0,0,0,355,O,I,1,0,1,84,95,65,82,79,SN,,,,,
2005, St. Mary Hospital (Hoboken)  ,40,0,0,0,355,O,I,1,0,1,75,86,50,78,68,NA,,,,,
2006, St. Mary Hospital (Hoboken)  ,40,0,0,0,355,O,I,1,0,1,91,95,NA,93,85,NA,NA,,,,NA
2007, Hoboken University Medical Center  ,40,0,0,0,355,O,I,1,0,1,97,98,93,100,100,71,100,,,NA,
2008, Hoboken University Medical Center  ,40,0,0,0,355,O,I,1,0,1,91,97,79,97,69,100,100,,,NA,
2009, Hoboken University Medical Center  ,40,0,0,0,355,O,I,1,0,1,92,94,85,96,85,83,100,,NL,,
2010, Hoboken University Medical Center  ,40,0,0,0,355,O,I,1,0,1,99,98,100,,100,100,100,,NL,,
2011, Hoboken University Medical Center  ,40,0,0,0,355,O,I,1,0,1,99,98,100,,100,96,100,,NL,,
2012, Hoboken University Medical Center  ,40,0,0,0,355,O,I,1,0,1,100,100,100,,100,100,NA,,NL,,
2013, Hoboken University Medical Center  ,40,0,0,0,355,O,I,1,0,1,100,,100,,,,,100,NL,,
2014,CarePoint - Hoboken University Medical Center  ,40,0,0,0,355,O,I,1,0,1,NA,,,,,,,,NA,,
2004, Community Medical Center  ,41,0,1,0,629,N,S,0,0,0,95,96,89,96,94,92,,,,,
2005, Community Medical Center  ,41,0,1,0,629,N,S,0,0,0,98,96,98,97,100,100,,,,,
2006, Community Medical Center  ,41,0,1,0,629,N,S,0,0,0,96,96,100,94,100,100,100,,,,61
2007, Community Medical Center  ,41,0,1,0,629,N,S,0,0,0,94,96,96,90,99,96,100,,,38,
2008, Community Medical Center  ,41,0,1,0,629,N,S,0,0,0,96,98,96,97,99,93,100,,,77,
2009, Community Medical Center  ,41,0,1,0,629,N,S,0,0,0,99,100,100,100,100,100,100,,87,,
2010, Community Medical Center  ,41,0,1,0,629,N,S,0,0,0,100,100,100,,100,100,100,,100,,
2011, Community Medical Center  ,41,0,1,0,629,N,S,0,0,0,100,100,100,,100,100,100,,100,,
2012, Community Medical Center  ,41,0,1,0,629,N,S,0,0,0,100,100,100,,100,100,100,,100,,
2013, Community Medical Center  ,41,0,1,0,629,N,S,0,0,0,100,,100,,,,,100,100,,
2014, Community Medical Center  ,41,0,1,0,629,N,S,0,0,0,93,,,,,,,,93,,
2004, Capital Health System at Mercer  ,44,0,0,0,358,N,I,1,0,0,94,97,100,93,97,SN,,,,,
2005, Capital Health System at Mercer  ,44,0,0,0,358,N,I,1,0,0,94,95,100,90,95,NA,,,,,
2006, Capital Health System at Mercer  ,44,0,0,0,358,N,I,1,0,0,94,98,NA,NA,93,NA,NA,,,,NA
2007, Capital Health System at Mercer  ,44,0,0,0,358,N,I,1,0,0,97,100,97,100,100,88,100,,,43,
2008, Capital Health System at Mercer  ,44,0,0,0,358,N,I,1,0,0,97,95,100,96,100,88,100,,,87,
2009, Capital Health System at Mercer  ,44,0,0,0,358,N,I,1,0,0,96,92,97,100,100,90,100,,80,,
2010, Capital Health System at Mercer  ,44,0,0,0,358,N,I,1,0,0,96,97,98,,92,100,100,,82,,
2011, Capital Health System at Mercer  ,44,0,0,0,358,N,I,1,0,0,97,100,98,,96,100,100,,80,,
2012, Capital Health System-Hopewell,44,0,0,0,358,N,I,1,0,0,100,100,100,,100,100,100,,100,,
2013, Capital Health System-Hopewell,44,0,0,0,358,N,I,1,0,0,99,,100,,,,,98,100,,
2014, Capital Health System-Hopewell,44,0,0,0,358,N,I,1,0,0,100,,,,,,,,100,,
2004, Englewood Hospital and Medical Center  ,45,0,1,0,564,T,S,0,0,1,96,92,99,96,99,94,,,,,
2005, Englewood Hospital and Medical Center  ,45,0,1,0,564,T,S,0,0,1,97,95,100,97,99,80,,,,,
2006, Englewood Hospital and Medical Center  ,45,0,1,0,564,T,S,0,0,1,95,96,99,93,99,88,97,,,,60
2007, Englewood Hospital and Medical Center  ,45,0,1,0,564,T,S,0,0,1,97,99,99,97,99,87,98,,,73,
2008, Englewood Hospital and Medical Center  ,45,0,1,0,564,T,S,0,0,1,96,97,99,98,100,89,96,,,66,
2009, Englewood Hospital and Medical Center  ,45,0,1,0,564,T,S,0,0,1,98,98,100,97,100,94,100,,82,,
2010, Englewood Hospital and Medical Center  ,45,0,1,0,564,T,S,0,0,1,98,100,100,,99,95,100,,81,,
2011, Englewood Hospital and Medical Center  ,45,0,1,0,564,T,S,0,0,1,100,100,100,,100,100,100,,94,,
2012, Englewood Hospital and Medical Center  ,45,0,1,0,564,T,S,0,0,1,100,100,100,,100,98,100,,94,,
2013, Englewood Hospital and Medical Center  ,45,0,1,0,564,T,S,0,0,1,99,,100,,,,,100,95,,
2014, Englewood Hospital and Medical Center  ,45,0,1,0,564,T,S,0,0,1,100,,,,,,,,100,,
2004, Shore Memorial Hospital  ,47,0,0,0,401,N,R,0,1,0,85,89,83,80,90,SN,,,,,
2005, Shore Memorial Hospital  ,47,0,0,0,401,N,R,0,1,0,88,88,90,84,92,NA,,,,,
2006, Shore Memorial Hospital  ,47,0,0,0,401,N,R,0,1,0,88,94,85,86,91,NA,NA,,,,NA
2007, Shore Memorial Hospital  ,47,0,0,0,401,N,R,0,1,0,91,93,93,89,97,62,100,,,NA,
2008, Shore Memorial Hospital  ,47,0,0,0,401,N,R,0,1,0,96,96,98,97,98,64,100,,,NA,
2009, Shore Memorial Hospital  ,47,0,0,0,401,N,R,0,1,0,97,100,98,92,100,88,100,,NL,,
2010, Shore Memorial Hospital  ,47,0,0,0,401,N,R,0,1,0,99,99,100,,100,100,100,,NL,,
2011, Shore Memorial Hospital  ,47,0,0,0,401,N,R,0,1,0,100,100,100,,100,100,100,,NL,,
2012, Shore Medical Center   ,47,0,0,0,401,N,R,0,1,0,99,99,100,,100,100,100,,NL,,
2013, Shore Medical Center   ,47,0,0,0,401,N,R,0,1,0,96,,100,,,,,93,NL,,
2014, Shore Medical Center   ,47,0,0,0,401,N,R,0,1,0,,,,,,,,,,,
2004, Somerset Medical Center  ,48,0,0,0,409,O,S,0,0,1,84,91,82,82,88,SN,,,,,
2005, Somerset Medical Center  ,48,0,0,0,409,O,S,0,0,1,91,93,97,84,94,93,,,,,
2006, Somerset Medical Center  ,48,0,0,0,409,O,S,0,0,1,94,96,98,93,99,97,100,,,,58
2007, Somerset Medical Center  ,48,0,0,0,409,O,S,0,0,1,97,99,98,98,99,100,97,,,40,
2008, Somerset Medical Center  ,48,0,0,0,409,O,S,0,0,1,97,99,98,98,99,100,100,,,71,
2009, Somerset Medical Center  ,48,0,0,0,409,O,S,0,0,1,98,99,100,97,100,100,100,,74,,
2010, Somerset Medical Center  ,48,0,0,0,409,O,S,0,0,1,98,100,99,,100,95,96,,84,,
2011, Somerset Medical Center  ,48,0,0,0,409,O,S,0,0,1,98,99,99,,99,80,100,,87,,
2012, Somerset Medical Center  ,48,0,0,0,409,O,S,0,0,1,98,98,99,,97,97,100,,92,,
2013,Somerset Medical Center,48,0,0,0,409,O,S,0,0,1,96,,97,,,,,95,98,,
2014,RWJ University Hospital at Somerset ,48,0,0,0,409,O,S,0,0,1,95,,,,,,,,95,,
2004, St. Clare's Hospital-Denville  ,50,2,0,0,435,N,S,0,0,0,92,94,81,95,94,SN,,,,,
2005, St. Clare's Hospital-Denville  ,50,2,0,0,435,N,S,0,0,0,94,96,92,97,89,NA,,,,,
2006, St. Clare's Hospital-Denville  ,50,2,0,0,435,N,S,0,0,0,96,99,98,98,95,89,100,,,,85
2007, St. Clare's Hospital-Denville  ,50,2,0,0,435,N,S,0,0,0,98,99,100,100,99,95,100,,,71,
2008, St. Clare's Hospital-Denville  ,50,2,0,0,435,N,S,0,0,0,97,99,100,100,98,100,100,,,76,
2009, St. Clare's Hospital-Denville  ,50,2,0,0,435,N,S,0,0,0,99,99,100,100,100,100,100,,95,,
2010, St. Clare's Hospital-Denville  ,50,2,0,0,435,N,S,0,0,0,99,100,100,,100,100,100,,89,,
2011, St. Clare's Hospital-Denville  ,50,2,0,0,435,N,S,0,0,0,99,100,99,,100,100,100,,91,,
2012, St. Clare's Hospital-Denville  ,50,2,0,0,435,N,S,0,0,0,99,98,99,,100,100,100,,97,,
2013, St. Clare's Hospital-Denville  ,50,2,0,0,435,N,S,0,0,0,98,,100,,,,,98,94,,
2014, St. Clare's Hospital-Denville  ,50,2,0,0,435,N,S,0,0,0,93,,,,,,,,93,DATA SET FOR ST. CLARE'S HOSPITAL DENVILLE AND DOVER ARE COMBINED,
2004, Overlook Hospital  ,51,0,1,0,635,T,S,0,0,1,97,97,93,97,100,SN,,,,,
2005, Overlook Hospital  ,51,0,1,0,635,T,S,0,0,1,99,99,99,98,100,100,,,,,
2006, Overlook Hospital  ,51,0,1,0,635,T,S,0,0,1,96,99,98,99,98,94,NA,,,,74
2007, Overlook Hospital  ,51,0,1,0,635,T,S,0,0,1,95,98,100,95,100,82,90,,,63,
2008, Overlook Hospital  ,51,0,1,0,635,T,S,0,0,1,95,100,97,99,98,95,100,,,53,
2009, Overlook Hospital  ,51,0,1,0,635,T,S,0,0,1,93,98,93,93,98,100,87,,55,,
2010, Overlook Hospital  ,51,0,1,0,635,T,S,0,0,1,96,98,98,,99,96,89,,71,,
2011, Overlook Hospital  ,51,0,1,0,635,T,S,0,0,1,95,99,96,,97,100,100,,82,,
2012, Overlook Medical Center,51,0,1,0,635,T,S,0,0,1,98,99,98,,100,93,100,,89,,
2013, Overlook Medical Center,51,0,1,0,635,T,S,0,0,1,98,,98,,,,,98,100,,
2014, Overlook Medical Center,51,0,1,0,635,T,S,0,0,1,92,,,,,,,,92,,
2004, Ocean Medical Center  ,52,0,0,0,524,N,S,0,0,0,85,85,91,78,88,SN,,,,,
2005, Ocean Medical Center  ,52,0,0,0,524,N,S,0,0,0,88,88,91,84,93,89,,,,,
2006, Ocean Medical Center  ,52,0,0,0,524,N,S,0,0,0,98,98,100,97,100,NA,NA,,,,86
2007, Ocean Medical Center  ,52,0,0,0,524,N,S,0,0,0,98,97,100,97,100,100,100,,,83,
2008, Ocean Medical Center  ,52,0,0,0,524,N,S,0,0,0,98,99,100,95,100,100,100,,,90,
2009, Ocean Medical Center  ,52,0,0,0,524,N,S,0,0,0,96,97,99,93,98,94,96,,96,,
2010, Ocean Medical Center  ,52,0,0,0,524,N,S,0,0,0,99,100,99,,99,100,100,,90,,
2011, Ocean Medical Center  ,52,0,0,0,524,N,S,0,0,0,99,100,98,,100,91,100,,94,,
2012, Ocean Medical Center  ,52,0,0,0,524,N,S,0,0,0,99,100,98,,100,92,100,,89,,
2013, Ocean Medical Center  ,52,0,0,0,524,N,S,0,0,0,98,,100,,,,,96,98,,
2014, Ocean Medical Center  ,52,0,0,0,524,N,S,0,0,0,95,,,,,,,,95,,
2004, Mountainside Hospital  ,54,0,1,0,426,O,S,0,0,1,95,94,97,96,98,SN,,,,,
2005, Mountainside Hospital  ,54,0,1,0,426,O,S,0,0,1,95,96,96,97,96,85,,,,,
2006, Mountainside Hospital  ,54,0,1,0,426,O,S,0,0,1,89,92,92,94,94,86,NA,,,,32
2007, Mountainside Hospital  ,54,0,1,0,426,O,S,0,0,1,92,95,93,94,97,77,100,,,32,
2008, Mountainside Hospital  ,54,0,1,0,426,O,S,0,0,1,90,96,92,96,97,78,100,,,30,
2009, Mountainside Hospital  ,54,0,1,0,426,O,S,0,0,1,94,99,96,98,98,90,100,,50,,
2010, Mountainside Hospital  ,54,0,1,0,426,O,S,0,0,1,97,100,100,,99,100,95,,73,,
2011, Mountainside Hospital  ,54,0,1,0,426,O,S,0,0,1,100,100,100,,100,100,100,,100,,
2012,Hackensack UMC-Mountainside,54,0,1,0,426,O,S,0,0,1,99,100,100,,100,99,100,,86,,
2013,Mountainside Hospital,54,0,1,0,426,O,S,0,0,1,100,,100,,,,,100,100,,
2014,Mountainside Hospital,54,0,1,0,426,O,S,0,0,1,86,,,,,,,,86,,
2004, Virtua-Memorial Hospital Burlington County  ,57,0,0,0,452,N,S,0,0,0,96,96,94,98,98,77,,,,,
2005, Virtua-Memorial Hospital Burlington County  ,57,0,0,0,452,N,S,0,0,0,99,98,99,99,100,96,,,,,
2006, Virtua-Memorial Hospital Burlington County  ,57,0,0,0,452,N,S,0,0,0,96,96,96,98,98,83,NA,,,,NA
2007, Virtua-Memorial Hospital Burlington County  ,57,0,0,0,452,N,S,0,0,0,96,97,95,95,96,86,100,,,NA,
2008, Virtua-Memorial Hospital Burlington County  ,57,0,0,0,452,N,S,0,0,0,95,94,92,97,96,90,100,,,NA,
2009, Virtua-Memorial Hospital Burlington County  ,57,0,0,0,452,N,S,0,0,0,97,98,95,97,100,93,93,,NL,,
2010, Virtua-Memorial Hospital Burlington County  ,57,0,0,0,452,N,S,0,0,0,98,98,96,,99,90,100,,NL,,
2011, Virtua-Memorial Hospital Burlington County  ,57,0,0,0,452,N,S,0,0,0,96,100,98,,99,86,90,,48,,
2012, Virtua-Memorial Hospital Burlington County  ,57,0,0,0,452,N,S,0,0,0,98,99,99,,99,100,100,,80,,
2013, Virtua-Memorial Hospital Burlington County  ,57,0,0,0,452,N,S,0,0,0,99,,100,,,,,100,88,,
2014, Virtua-Memorial Hospital Burlington County  ,57,0,0,0,452,N,S,0,0,0,95,,,,,,,,95,,
2004, Bergen Regional Medical Center  ,58,0,0,0,1185,O,S,0,0,1,78,SN,SN,SN,SN,SN,,,,,
2005, Bergen Regional Medical Center  ,58,0,0,0,1185,O,S,0,0,1,77,NA,NA,NA,NA,NA,,,,,
2006, Bergen Regional Medical Center  ,58,0,0,0,1185,O,S,0,0,1,79,NA,NA,NA,NA,NA,NA,,,,NA
2007, Bergen Regional Medical Center  ,58,0,0,0,1185,O,S,0,0,1,81,100,75,85,60,80,NA,,,NA,
2008, Bergen Regional Medical Center  ,58,0,0,0,1185,O,S,0,0,1,87,100,69,94,82,100,0,,,NA,
2009, Bergen Regional Medical Center  ,58,0,0,0,1185,O,S,0,0,1,98,100,100,100,95,100,100,,NL,,
2010, Bergen Regional Medical Center  ,58,0,0,0,1185,O,S,0,0,1,100,100,100,,100,100,100,,NL,,
2011, Bergen Regional Medical Center  ,58,0,0,0,1185,O,S,0,0,1,93,100,92,,83,100,100,,NL,,
2012, Bergen Regional Medical Center  ,58,0,0,0,1185,O,S,0,0,1,94,93,88,,100,100,100,,NL,,
2013, Bergen Regional Medical Center  ,58,0,0,0,1185,O,S,0,0,1,92,,100,,,,,80,NL,,
2014, Bergen Regional Medical Center  ,58,0,0,0,1185,O,S,0,0,1,NA,,,,,,,,NA,,
2004, Warren Hospital  ,60,0,0,0,229,N,R,0,1,0,83,88,68,86,84,SN,,,,,
2005, Warren Hospital  ,60,0,0,0,229,N,R,0,1,0,91,92,88,91,93,NA,,,,,
2006, Warren Hospital  ,60,0,0,0,229,N,R,0,1,0,98,100,NA,98,97,NA,NA,,,,NA
2007, Warren Hospital  ,60,0,0,0,229,N,R,0,1,0,97,97,95,100,100,88,67,,,NA,
2008, Warren Hospital  ,60,0,0,0,229,N,R,0,1,0,93,97,93,83,100,67,100,,,NA,
2009, Warren Hospital  ,60,0,0,0,229,N,R,0,1,0,92,92,91,86,100,100,100,,NL,,
2010, Warren Hospital  ,60,0,0,0,229,N,R,0,1,0,96,93,100,,95,100,100,,NL,,
2011, Warren Hospital  ,60,0,0,0,229,N,R,0,1,0,100,100,100,,100,100,100,,NL,,
2012, St. Luke's Warren Hospital  ,60,0,0,0,229,N,R,0,1,0,100,100,100,,100,100,100,,NL,,
2013, St. Luke's Warren Hospital  ,60,0,0,0,229,N,R,0,1,0,100,,100,,,,,100,NL,,
2014, St. Luke's Warren Hospital  ,60,0,0,0,229,N,R,0,1,0,NA,,,,,,,,NA,,
2004, Lourdes Medical Center of Burlington County  ,61,0,NO DATA,NO DATA,249,N,S,NO DATA,NO DATA,NO DATA,89,95,96,90,78,SN,,,,,
2005, Lourdes Medical Center of Burlington County  ,61,0,NO DATA,NO DATA,249,N,S,NO DATA,NO DATA,NO DATA,91,94,NA,92,93,NA,,,,,
2006, Lourdes Medical Center of Burlington County  ,61,0,NO DATA,NO DATA,249,N,S,NO DATA,NO DATA,NO DATA,92,93,89,95,97,NA,NA,,,,NA
2007, Lourdes Medical Center of Burlington County  ,61,0,NO DATA,NO DATA,249,N,S,NO DATA,NO DATA,NO DATA,92,95,84,91,94,85,100,,,NA,
2008, Lourdes Medical Center of Burlington County  ,61,0,NO DATA,NO DATA,249,N,S,NO DATA,NO DATA,NO DATA,96,96,96,98,95,100,71,,,NA,
2009, Lourdes Medical Center of Burlington County  ,61,0,NO DATA,NO DATA,249,N,S,NO DATA,NO DATA,NO DATA,95,92,96,96,100,83,86,,NL,,
2010, Lourdes Medical Center of Burlington County  ,61,0,NO DATA,NO DATA,249,N,S,NO DATA,NO DATA,NO DATA,96,95,98,,98,92,100,,NL,,
2011, Lourdes Medical Center of Burlington County  ,61,0,NO DATA,NO DATA,249,N,S,NO DATA,NO DATA,NO DATA,95,97,88,,97,100,100,,NL,,
2012, Lourdes Medical Center of Burlington County  ,61,0,NO DATA,NO DATA,249,N,S,NO DATA,NO DATA,NO DATA,98,100,100,,97,67,100,,NL,,
2013, Lourdes Medical Center of Burlington County  ,61,0,NO DATA,NO DATA,249,N,S,NO DATA,NO DATA,NO DATA,97,,100,,,,,94,NL,,
2014, Lourdes Medical Center of Burlington County  ,61,0,NO DATA,NO DATA,249,N,S,NO DATA,NO DATA,NO DATA,NA,,,,,,,,NA,,
2004, Muhlenberg Regional Medical Center  ,63,0,1,0,432,T,U,0,0,1,88,89,83,91,88,76,,,,,
2005, Muhlenberg Regional Medical Center  ,63,0,1,0,432,T,U,0,0,1,89,92,89,88,89,NA,,,,,
2006, Muhlenberg Regional Medical Center  ,63,0,1,0,432,T,U,0,0,1,94,91,95,95,98,NA,NA,,,,91
2007, Muhlenberg Regional Medical Center  ,63,0,1,0,432,T,U,0,0,1,93,93,96,93,96,75,91,,,71,
2008, Muhlenberg Regional Medical Center  ,63,0,1,0,432,T,U,0,0,1,97,100,99,94,100,94,93,,,86,
2009, Muhlenberg Regional Medical Center  ,63,0,1,0,432,T,U,0,0,1,CLOSED,,,,,,,,,,
2010, Muhlenberg Regional Medical Center  ,63,0,1,0,432,T,U,0,0,1,CLOSED,,,,,,,,,,
2011, Muhlenberg Regional Medical Center  ,63,0,1,0,432,T,U,0,0,1,CLOSED,,,,,,,,,,
2012, Muhlenberg Regional Medical Center  ,63,0,1,0,432,T,U,0,0,1,CLOSED,,,,,,,,,,
2013, Muhlenberg Regional Medical Center  ,63,0,1,0,432,T,U,0,0,1,CLOSED,,,,,,,,,,
2014, Muhlenberg Regional Medical Center  ,63,0,1,0,432,T,U,0,0,1,CLOSED,,,,,,,,,,
2004, AtlantiCare Regional Medical Center-City  ,64,1,1,0,625,O,U,0,0,1,86,88,81,86,95,62,,,,,
2005, AtlantiCare Regional Medical Center-City  ,64,1,1,0,625,O,U,0,0,1,96,92,98,97,100,NA,,,,,
2006, AtlantiCare Regional Medical Center-City  ,64,1,1,0,625,O,U,0,0,1,99,98,100,98,100,NA,NA,,,,NA
2007, AtlantiCare Regional Medical Center-City  ,64,1,1,0,625,O,U,0,0,1,100,100,100,100,100,100,100,,,NA,
2008, AtlantiCare Regional Medical Center-City  ,64,1,1,0,625,O,U,0,0,1,100,100,100,100,100,100,100,,,NA,
2009, AtlantiCare Regional Medical Center-City  ,64,1,1,0,625,O,U,0,0,1,100,100,100,100,100,100,100,,NL,,
2010, AtlantiCare Regional Medical Center-City  ,64,1,1,0,625,O,U,0,0,1,100,100,100,,100,100,100,,NL,,
2011, AtlantiCare Regional Medical Center-City  ,64,1,1,0,625,O,U,0,0,1,100,100,100,,100,100,100,,NL,,
2012, AtlantiCare Regional Medical Center-City  ,64,1,1,0,625,O,U,0,0,1,100,100,100,,100,100,100,,NL,,
2013, AtlantiCare Regional Medical Center-City  ,64,1,1,0,625,O,U,0,0,1,100,,100,,,,,100,NL,,
2014, AtlantiCare Regional Medical Center-City Division ,64,1,1,0,,O,U,0,0,1,100,,,,,,,,100,100,
2004, AtlantiCare Regional Medical Center-Mainland  ,64,2,1,0,625,O,U,0,0,1,90,93,91,87,93,57,,,,,
2005, AtlantiCare Regional Medical Center-Mainland  ,64,2,1,0,625,O,U,0,0,1,97,98,98,98,97,85,,,,,
2006, AtlantiCare Regional Medical Center-Mainland  ,64,2,1,0,625,O,U,0,0,1,97,100,100,100,100,100,100,,,,44
2007, AtlantiCare Regional Medical Center-Mainland  ,64,2,1,0,625,O,U,0,0,1,99,99,99,99,100,100,100,,,44,
2008, AtlantiCare Regional Medical Center-Mainland  ,64,2,1,0,625,O,U,0,0,1,97,99,100,98,100,96,100,,,51,
2009, AtlantiCare Regional Medical Center-Mainland  ,64,2,1,0,625,O,U,0,0,1,98,100,100,100,100,98,100,,73,,
2010, AtlantiCare Regional Medical Center-Mainland  ,64,2,1,0,625,O,U,0,0,1,99,100,100,,100,100,100,,80,,
2011, AtlantiCare Regional Medical Center-Mainland  ,64,2,1,0,625,O,U,0,0,1,99,100,100,,99,100,100,,89,,
2012, AtlantiCare Regional Medical Center-Mainland  ,64,2,1,0,625,O,U,0,0,1,99,99,99,,100,100,100,,94,,
2013, AtlantiCare Regional Medical Center-Mainland  ,64,2,1,0,625,O,U,0,0,1,100,,100,,,,,100,97,,
2014, AtlantiCare Regional Medical Center-Mainland  ,64,2,1,0,625,O,U,0,0,1,100,,,,,,,,100,,
2004, St. Clare's Hospital-Dover  ,67,0,0,0,352,N,S,0,0,0,DID NOT OPEN YET,,,,,,,,,,
2005, St. Clare's Hospital-Dover  ,67,0,0,0,352,N,S,0,0,0,76,NA,NA,NA,NA,NA,,,NA,,
2006, St. Clare's Hospital-Dover  ,67,0,0,0,352,N,S,0,0,0,88,96,NA,NA,NA,NA,NA,,,,NA
2007, St. Clare's Hospital-Dover  ,67,0,0,0,352,N,S,0,0,0,99,100,100,100,96,100,100,,,NA,
2008, St. Clare's Hospital-Dover  ,67,0,0,0,352,N,S,0,0,0,99,100,94,100,100,100,100,,,NA,
2009, St. Clare's Hospital-Dover  ,67,0,0,0,352,N,S,0,0,0,100,100,100,,100,100,100,,NL,,
2010, St. Clare's Hospital-Dover  ,67,0,0,0,352,N,S,0,0,0,100,100,100,,100,100,100,,NL,,
2011, St. Clare's Hospital-Dover  ,67,0,0,0,352,N,S,0,0,0,100,100,100,,100,100,100,,NL,,
2012, St. Clare's Hospital-Dover  ,67,0,0,0,352,N,S,0,0,0,98,98,100,,97,100,100,,NL,,
2013, St. Clare's Hospital-Dover  ,67,0,0,0,352,N,S,0,0,0,96,,100,,,,,91,NL,,
2014, St. Clare's Hospital-Dover  ,67,0,0,0,352,N,S,0,0,0,93,,,,,,,,93,DATA SET FOR ST. CLARE'S HOSPITAL DENVILLE AND DOVER ARE COMBINED,
2004, South Jersey Hospital–Elmer  ,69,0,0,0,91,N,R,0,1,0,95,97,SN,92,SN,SN,,,,,
2005, South Jersey Hospital–Elmer  ,69,0,0,0,91,N,R,0,1,0,97,97,NA,100,96,NA,,,,,
2006, South Jersey Hospital-Elmer  ,69,0,0,0,91,N,R,0,1,0,98,97,NA,100,NA,NA,NA,,,,NA
2007, South Jersey Hospital-Elmer  ,69,0,0,0,91,N,R,0,1,0,96,95,100,97,95,100,100,,,NA,
2008, South Jersey Hospital-Elmer  ,69,0,0,0,91,N,R,0,1,0,96,100,94,97,100,50,100,,,NA,
2009, South Jersey Hospital-Elmer  ,69,0,0,0,91,N,R,0,1,0,97,100,88,100,94,100,100,,NL,,
2010, South Jersey Hospital-Elmer  ,69,0,0,0,91,N,R,0,1,0,97,100,95,,100,75,NA,,NL,,
2011, South Jersey Hospital-Elmer  ,69,0,0,0,91,N,R,0,1,0,100,100,100,,100,100,100,,NL,,
2012, South Jersey Hospital-Elmer  ,69,0,0,0,91,N,R,0,1,0,100,100,100,,100,100,100,,NL,,
2013, South Jersey Hospital-Elmer  ,69,0,0,0,91,N,R,0,1,0,79,,92,,,,,67,NL,,
2014, South Jersey Hospital-Elmer  ,69,0,0,0,91,N,R,0,1,0,NA,,,,,,,,NA,,
2004, St. Peter's University Hospital  ,70,0,1,0,533,T,U,0,0,1,97,99,97,96,95,SN,,,,,
2005, St. Peter's University Hospital  ,70,0,1,0,533,T,U,0,0,1,99,99,100,99,100,NA,,,,,
2006, St. Peter's University Hospital  ,70,0,1,0,533,T,U,0,0,1,99,100,100,98,98,NA,NA,,,,NA
2007, St. Peter's University Hospital  ,70,0,1,0,533,T,U,0,0,1,98,95,100,100,100,100,100,,,NA,
2008, St. Peter's University Hospital  ,70,0,1,0,533,T,U,0,0,1,96,98,98,98,100,100,100,,,53,
2009, St. Peter's University Hospital  ,70,0,1,0,533,T,U,0,0,1,94,99,97,95,97,100,94,,43,,
2010, St. Peter's University Hospital  ,70,0,1,0,533,T,U,0,0,1,94,98,98,,97,100,100,,56,,
2011, St. Peter's University Hospital  ,70,0,1,0,533,T,U,0,0,1,98,99,100,,97,94,100,,80,,
2012, St. Peter's University Hospital  ,70,0,1,0,533,T,U,0,0,1,98,99,100,,100,100,100,,75,,
2013, St. Peter's University Hospital  ,70,0,1,0,533,T,U,0,0,1,99,,100,,,,,98,100,,
2014, St. Peter's University Hospital  ,70,0,1,0,533,T,U,0,0,1,86,,,,,,,,86,,
2004, Trinitas Hospital  ,72,0,1,0,354,O,U,0,0,1,89,94,66,93,88,SN,,,,,
2005, Trinitas Hospital  ,72,0,1,0,354,O,U,0,0,1,86,89,74,92,82,NA,,,,,
2006, Trinitas Hospital  ,72,0,1,0,354,O,U,0,0,1,89,92,88,94,94,NA,NA,,,,58
2007, Trinitas Hospital  ,72,0,1,0,354,O,U,0,0,1,91,93,96,92,95,83,97,,,27,
2008, Trinitas Hospital  ,72,0,1,0,354,O,U,0,0,1,89,96,88,97,96,83,100,,,46,
2009, Trinitas Hospital  ,72,0,1,0,354,O,U,0,0,1,92,98,91,95,91,92,100,,62,,
2010, Trinitas Hospital  ,72,0,1,0,354,O,U,0,0,1,94,96,90,,95,97,100,,76,,
2011, Trinitas Hospital  ,72,0,1,0,354,O,U,0,0,1,94,97,95,,95,100,100,,76,,
2012, Trinitas Regional Medical Center,72,0,1,0,354,O,U,0,0,1,98,97,99,,100,100,100,,82,,
2013, Trinitas Regional Medical Center,72,0,1,0,354,O,U,0,0,1,97,,98,,,,,98,82,,
2014, Trinitas Regional Medical Center,72,0,1,0,354,O,U,0,0,1,90,,,,,,,,90,,
2004, Jersey Shore University Medical Center  ,73,0,1,1,527,T,U,0,0,1,88,89,97,70,88,78,,,,,
2005, Jersey Shore University Medical Center  ,73,0,1,1,527,T,U,0,0,1,94,93,97,90,94,82,,,,,
2006, Jersey Shore University Medical Center  ,73,0,1,1,527,T,U,0,0,1,99,99,99,99,100,99,100,,,,80
2007, Jersey Shore University Medical Center  ,73,0,1,1,527,T,U,0,0,1,99,99,100,99,100,100,100,,,83,
2008, Jersey Shore University Medical Center  ,73,0,1,1,527,T,U,0,0,1,99,100,100,100,100,100,100,,,77,
2009, Jersey Shore University Medical Center  ,73,0,1,1,527,T,U,0,0,1,99,100,100,99,100,96,100,,81,,
2010, Jersey Shore University Medical Center  ,73,0,1,1,527,T,U,0,0,1,99,99,99,,99,93,100,,88,,
2011, Jersey Shore University Medical Center  ,73,0,1,1,527,T,U,0,0,1,99,100,99,,99,100,100,,92,,
2012, Jersey Shore University Medical Center  ,73,0,1,1,527,T,U,0,0,1,99,99,99,,99,100,100,,86,,
2013, Jersey Shore University Medical Center  ,73,0,1,1,527,T,U,0,0,1,99,,100,,,,,99,93,,
2014, Jersey Shore University Medical Center  ,73,0,1,1,527,T,U,0,0,1,100,,,,,,,,100,,
2004, Jersey City Medical Center  ,74,0,1,0,648,T,I,1,0,1,79,99,50,88,61,SN,,,,,
2005, Jersey City Medical Center  ,74,0,1,0,648,T,I,1,0,1,92,99,NA,98,76,NA,,,,,
2006, Jersey City Medical Center  ,74,0,1,0,648,T,I,1,0,1,88,99,85,97,86,73,91,,,,44
2007, Jersey City Medical Center  ,74,0,1,0,648,T,I,1,0,1,89,100,92,95,83,69,100,,,60,
2008, Jersey City Medical Center  ,74,0,1,0,648,T,I,1,0,1,92,99,93,94,92,84,100,,,57,
2009, Jersey City Medical Center  ,74,0,1,0,648,T,I,1,0,1,97,99,97,98,98,91,97,,89,,
2010, Jersey City Medical Center  ,74,0,1,0,648,T,I,1,0,1,98,99,98,,98,95,98,,90,,
2011, Jersey City Medical Center  ,74,0,1,0,648,T,I,1,0,1,98,100,98,,96,100,100,,87,,
2012, Jersey City Medical Center  ,74,0,1,0,648,T,I,1,0,1,100,100,100,,100,100,100,,98,,
2013, Jersey City Medical Center  ,74,0,1,0,648,T,I,1,0,1,100,,100,,,,,100,100,,
2014, Jersey City Medical Center  ,74,0,1,0,648,T,I,1,0,1,100,,,,,,,,100,,
2004, Monmouth Medical Center  ,75,0,0,0,560,T,U,0,0,1,88,89,87,87,91,SN,,,,,
2005, Monmouth Medical Center  ,75,0,0,0,560,T,U,0,0,1,93,95,95,93,92,NA,,,,,
2006, Monmouth Medical Center  ,75,0,0,0,560,T,U,0,0,1,91,96,82,92,95,NA,NA,,,,NA
2007, Monmouth Medical Center  ,75,0,0,0,560,T,U,0,0,1,93,91,95,94,98,94,95,,,45,
2008, Monmouth Medical Center  ,75,0,0,0,560,T,U,0,0,1,97,98,97,98,98,100,100,,,77,
2009, Monmouth Medical Center  ,75,0,0,0,560,T,U,0,0,1,98,100,99,98,99,100,96,,81,,
2010, Monmouth Medical Center  ,75,0,0,0,560,T,U,0,0,1,99,100,99,,99,100,100,,95,,
2011, Monmouth Medical Center  ,75,0,0,0,560,T,U,0,0,1,100,99,100,,100,100,100,,100,,
2012, Monmouth Medical Center  ,75,0,0,0,560,T,U,0,0,1,100,100,100,,100,100,100,,93,,
2013, Monmouth Medical Center  ,75,0,0,0,560,T,U,0,0,1,98,,98,,,,,100,96,,
2014, Monmouth Medical Center  ,75,0,0,0,560,T,U,0,0,1,88,,,,,,,,88,,
2004, St. Barnabas Medical Center  ,76,0,1,0,770,T,S,0,0,1,83,92,76,91,78,60,,,,,
2005, St. Barnabas Medical Center  ,76,0,1,0,770,T,S,0,0,1,96,97,96,94,96,91,,,,,
2006, St. Barnabas Medical Center  ,76,0,1,0,770,T,S,0,0,1,93,96,95,94,93,85,99,,,,40
2007, St. Barnabas Medical Center  ,76,0,1,0,770,T,S,0,0,1,98,100,100,98,99,100,100,,,17,
2008, St. Barnabas Medical Center  ,76,0,1,0,770,T,S,0,0,1,98,100,99,98,99,96,100,,,71,
2009, St. Barnabas Medical Center  ,76,0,1,0,770,T,S,0,0,1,100,100,100,100,100,100,100,,94,,
2010, St. Barnabas Medical Center  ,76,0,1,0,770,T,S,0,0,1,100,100,100,,100,100,100,,100,,
2011, St. Barnabas Medical Center  ,76,0,1,0,770,T,S,0,0,1,100,100,100,,100,100,100,,97,,
2012, St. Barnabas Medical Center  ,76,0,1,0,770,T,S,0,0,1,100,100,100,,100,100,100,,100,,
2013, St. Barnabas Medical Center  ,76,0,1,0,770,T,S,0,0,1,100,,100,,,,,99,100,,
2014, St. Barnabas Medical Center  ,76,0,1,0,770,T,S,0,0,1,97,,,,,,,,97,,
2004, Underwood–Memorial Hospital  ,81,0,0,0,371,N,S,0,0,0,90,88,95,88,95,SN,,,,,
2005, Underwood-Memorial Hospital  ,81,0,0,0,371,N,S,0,0,0,95,94,86,99,95,NA,,,,,
2006, Underwood-Memorial Hospital  ,81,0,0,0,371,N,S,0,0,0,98,97,97,98,100,NA,NA,,,,NA
2007, Underwood-Memorial Hospital  ,81,0,0,0,371,N,S,0,0,0,96,96,95,99,98,80,100,,,NA,
2008, Underwood-Memorial Hospital  ,81,0,0,0,371,N,S,0,0,0,97,96,98,96,100,88,100,,,NA,
2009, Underwood-Memorial Hospital  ,81,0,0,0,371,N,S,0,0,0,96,97,94,96,98,90,100,,NL,,
2010, Underwood-Memorial Hospital  ,81,0,0,0,371,N,S,0,0,0,97,98,96,,99,95,100,,91,,
2011, Underwood-Memorial Hospital  ,81,0,0,0,371,N,S,0,0,0,99,100,100,,100,100,100,,97,,
2012, Underwood-Memorial Hospital  ,81,0,0,0,371,N,S,0,0,0,99,99,100,,100,100,100,,94,,
2013, Underwood-Memorial Hospital  ,81,0,0,0,371,N,S,0,0,0,99,,99,,,,,100,96,,
2014, Underwood-Memorial Hospital  ,81,0,0,0,371,N,S,0,0,0,100,,,,,,,,100,,
2004, East Orange General Hospital  ,83,0,0,0,238,N,I,1,0,0,50,71,SN,58,SN,SN,,,,,
2005, East Orange General Hospital  ,83,0,0,0,238,N,I,1,0,0,76,87,51,89,57,NA,,,,,
2006, East Orange General Hospital  ,83,0,0,0,238,N,I,1,0,0,98,100,96,98,98,NA,NA,,,,NA
2007, East Orange General Hospital  ,83,0,0,0,238,N,I,1,0,0,94,99,87,99,88,71,100,,,NA,
2008, East Orange General Hospital  ,83,0,0,0,238,N,I,1,0,0,75,94,50,85,57,40,83,,,NA,
2009, East Orange General Hospital  ,83,0,0,0,238,N,I,1,0,0,94,98,85,99,88,75,100,,NL,,
2010, East Orange General Hospital  ,83,0,0,0,238,N,I,1,0,0,98,100,96,,100,86,100,,NL,,
2011, East Orange General Hospital  ,83,0,0,0,238,N,I,1,0,0,100,100,100,,100,100,100,,NL,,
2012, East Orange General Hospital  ,83,0,0,0,238,N,I,1,0,0,100,100,100,,100,100,100,,NL,,
2013, East Orange General Hospital  ,83,0,0,0,238,N,I,1,0,0,73,,78,,,,,69,NL,,
2014, East Orange General Hospital  ,83,0,0,0,238,N,I,1,0,0,NA,,,,,,,,NA,,
2004, Kimball Medical Center  ,84,0,0,0,378,N,S,0,0,0,96,99,98,93,95,SN,,,,,
2005, Kimball Medical Center  ,84,0,0,0,378,N,S,0,0,0,95,95,96,95,95,NA,,,,,
2006, Kimball Medical Center  ,84,0,0,0,378,N,S,0,0,0,96,97,94,94,100,NA,NA,,,,NA
2007, Kimball Medical Center  ,84,0,0,0,378,N,S,0,0,0,93,91,93,90,99,95,100,,,NA,
2008, Kimball Medical Center  ,84,0,0,0,378,N,S,0,0,0,97,97,100,95,100,94,100,,,NA,
2009, Kimball Medical Center  ,84,0,0,0,378,N,S,0,0,0,97,97,100,95,100,93,100,,NL,,
2010, Kimball Medical Center  ,84,0,0,0,378,N,S,0,0,0,98,96,100,,100,93,100,,NL,,
2011, Kimball Medical Center  ,84,0,0,0,378,N,S,0,0,0,100,100,98,,100,100,100,,NL,,
2012, Kimball Medical Center  ,84,0,0,0,378,N,S,0,0,0,100,100,100,,98,100,100,,NL,,
2013,Monmouth Medical Center Southern Campus ,84,0,0,0,378,N,S,0,0,0,98,,100,,,,,96,96,,
2014,Monmouth Medical Center Southern Campus ,84,0,0,0,378,N,S,0,0,0,NA,,,,,,,,NA,,
2004, Kennedy Mem. Hospitals UMC–Cherry Hill  ,86,2,1,0,626,T,S,0,0,1,87,93,83,88,80,SN,,,,,
2005, Kennedy Mem. Hospitals UMC–Cherry Hill  ,86,2,1,0,626,T,S,0,0,1,86,94,80,86,81,NA,,,,,
2006, Kennedy Mem. Hospitals UMC-Cherry Hill  ,86,2,1,0,626,T,S,0,0,1,92,93,100,90,95,NA,NA,,,,NA
2007, Kennedy Mem. Hospitals UMC-Cherry Hill  ,86,2,1,0,626,T,S,0,0,1,98,100,96,100,98,89,67,,,NA,
2008, Kennedy Mem. Hospitals UMC-Cherry Hill  ,86,2,1,0,626,T,S,0,0,1,96,98,94,96,100,71,100,,,NA,
2009, Kennedy Mem. Hospitals UMC-Cherry Hill  ,86,2,1,0,626,T,S,0,0,1,99,98,100,100,98,100,100,,NL,,
2010, Kennedy Mem. Hospitals UMC-Cherry Hill  ,86,2,1,0,626,T,S,0,0,1,97,98,93,,97,100,100,,NL,,
2011, Kennedy Mem. Hospitals UMC-Cherry Hill  ,86,2,1,0,626,T,S,0,0,1,99,98,100,,98,100,100,,NL,,
2012, Kennedy Mem. Hospitals UMC-Cherry Hill  ,86,2,1,0,626,T,S,0,0,1,99,98,100,,100,100,100,,NL,,
2013, Kennedy University Hospitals UMC-Cherry Hill ,86,2,1,0,626,T,S,0,0,1,98,,100,,,,,96,NL,,
2014, Kennedy University Hospitals UMC-Cherry Hill ,86,2,1,0,626,T,S,0,0,1,NA,,,,,,,,NA,,
2004, Kennedy Mem. Hospitals UMC–Stratford  ,86,1,1,0,626,T,S,0,0,1,91,94,SN,87,92,SN,,,,,
2005, Kennedy Mem. Hospitals UMC–Stratford  ,86,1,1,0,626,T,S,0,0,1,94,98,89,97,91,NA,,,,,
2006, Kennedy Mem. Hospitals UMC–Stratford  ,86,1,1,0,626,T,S,0,0,1,87,99,83,95,81,NA,NA,,,,NA
2007, Kennedy Mem. Hospitals UMC–Stratford  ,86,1,1,0,626,T,S,0,0,1,97,100,91,100,98,91,75,,,NA,
2008, Kennedy Mem. Hospitals UMC–Stratford  ,86,1,1,0,626,T,S,0,0,1,94,100,92,100,93,43,50,,,NA,
2009, Kennedy Mem. Hospitals UMC–Stratford  ,86,1,1,0,626,T,S,0,0,1,95,98,92,100,88,67,100,,NL,,
2010, Kennedy Mem. Hospitals UMC–Stratford  ,86,1,1,0,626,T,S,0,0,1,98,100,92,,100,100,100,,NL,,
2011, Kennedy Mem. Hospitals UMC–Stratford  ,86,1,1,0,626,T,S,0,0,1,100,100,100,,100,100,100,,NL,,
2012, Kennedy Mem. Hospitals UMC–Stratford  ,86,1,1,0,626,T,S,0,0,1,100,100,100,,100,100,100,,NL,,
2013, Kennedy University Hospitals UMC–Stratford  ,86,1,1,0,626,T,S,0,0,1,100,,100,,,,,100,NL,,
2014, Kennedy University Hospitals UMC–Stratford  ,86,1,1,0,626,T,S,0,0,1,NA,,,,,,,,NA,,
2004, Kennedy Mem. Hospitals UMC–Wash. Twp.  ,86,3,1,0,626,T,S,0,0,1,89,91,91,88,89,SN,,,,,
2005, Kennedy Mem. Hospitals UMC–Wash. Twp.  ,86,3,1,0,626,T,S,0,0,1,85,87,71,93,81,NA,,,,,
2006, Kennedy Mem. Hospitals UMC-Wash. Twp.  ,86,3,1,0,626,T,S,0,0,1,94,95,93,95,96,NA,NA,,,,NA
2007, Kennedy Mem. Hospitals UMC-Wash. Twp.  ,86,3,1,0,626,T,S,0,0,1,96,98,92,97,96,82,88,,,NA,
2008, Kennedy Mem. Hospitals UMC-Wash. Twp.  ,86,3,1,0,626,T,S,0,0,1,96,100,95,99,95,75,86,,,NA,
2009, Kennedy Mem. Hospitals UMC-Wash. Twp.  ,86,3,1,0,626,T,S,0,0,1,98,98,97,100,100,88,100,,NL,,
2010, Kennedy Mem. Hospitals UMC-Wash. Twp.  ,86,3,1,0,626,T,S,0,0,1,95,94,95,,100,88,100,,NL,,
2011, Kennedy Mem. Hospitals UMC-Wash. Twp.  ,86,3,1,0,626,T,S,0,0,1,95,98,89,,91,96,100,,NL,,
2012, Kennedy Mem. Hospitals UMC-Wash. Twp.  ,86,3,1,0,626,T,S,0,0,1,98,99,98,,100,67,100,,NL,,
2013, Kennedy University Hospitals UMC-Wash. Twp.  ,86,3,1,0,626,T,S,0,0,1,99,,100,,,,,98,NL,,
2014, Kennedy University Hospitals UMC-Wash. Twp.  ,86,3,1,0,626,T,S,0,0,1,NA,,,,,,,,NA,,
2004, William B. Kessler Memorial Hospital  ,88,0,0,0,130,N,R,0,1,0,84,91,SN,79,SN,SN,,,,,
2005, William B. Kessler Memorial Hospital  ,88,0,0,0,130,N,R,0,1,0,89,93,94,90,81,NA,,,,,
2006, William B. Kessler Memorial Hospital  ,88,0,0,0,130,N,R,0,1,0,94,100,NA,93,NA,NA,NA,,,,NA
2007, William B. Kessler Memorial Hospital  ,88,0,0,0,130,N,R,0,1,0,86,90,92,89,67,75,0,,,NA,
2008, William B. Kessler Memorial Hospital  ,88,0,0,0,130,N,R,0,1,0,90,88,89,95,100,33,100,,,NA,
2004, Union Hospital  ,90,0,0,0,201,O,S,0,0,1,89,92,82,90,88,SN,,,,,
2005, Union Hospital  ,90,0,0,0,201,O,S,0,0,1,95,98,93,96,93,NA,,,,,
2006, Union Hospital  ,90,0,0,0,201,O,S,0,0,1,95,98,88,97,93,NA,NA,,,,NA
2007, Union Hospital  ,90,0,0,0,201,O,S,0,0,1,96,95,90,98,100,83,100,,,NA,
2008, Union Hospital  ,90,CLOSED,CLOSED,CLOSED,CLOSED,CLOSED,CLOSED,CLOSED,CLOSED,CLOSED,CLOSED,,,,,,,,,,
2009, Union Hospital  ,90,CLOSED,CLOSED,CLOSED,CLOSED,CLOSED,CLOSED,CLOSED,CLOSED,CLOSED,CLOSED,,,,,,,,,,
2010, Union Hospital  ,90,CLOSED,CLOSED,CLOSED,CLOSED,CLOSED,CLOSED,CLOSED,CLOSED,CLOSED,CLOSED,,,,,,,,,,
2011, Union Hospital  ,90,CLOSED,CLOSED,CLOSED,CLOSED,CLOSED,CLOSED,CLOSED,CLOSED,CLOSED,CLOSED,,,,,,,,,,
2012, Union Hospital  ,90,CLOSED,CLOSED,CLOSED,CLOSED,CLOSED,CLOSED,CLOSED,CLOSED,CLOSED,CLOSED,,,,,,,,,,
2013, Union Hospital  ,90,CLOSED,CLOSED,CLOSED,CLOSED,CLOSED,CLOSED,CLOSED,CLOSED,CLOSED,CLOSED,,,,,,,,,,
2014, Union Hospital  ,90,CLOSED,CLOSED,CLOSED,CLOSED,CLOSED,CLOSED,CLOSED,CLOSED,CLOSED,CLOSED,,,,,,,,,,
2004, Memorial Hospital of Salem County  ,91,0,0,0,168,N,R,0,1,0,85,87,SN,92,SN,SN,,,,,
2005, Memorial Hospital of Salem County  ,91,0,0,0,168,N,R,0,1,0,82,94,59,91,64,NA,,,,,
2006, Memorial Hospital of Salem County  ,91,0,0,0,168,N,R,0,1,0,89,97,NA,95,NA,NA,NA,,,,NA
2007, Memorial Hospital of Salem County  ,91,0,0,0,168,N,R,0,1,0,91,94,89,96,82,80,100,,,NA,
2008, Memorial Hospital of Salem County  ,91,0,0,0,168,N,R,0,1,0,94,96,83,95,100,100,100,,,NA,
2009, Memorial Hospital of Salem County  ,91,0,0,0,168,N,R,0,1,0,98,100,95,100,91,100,100,,NL,,
2010, Memorial Hospital of Salem County  ,91,0,0,0,168,N,R,0,1,0,96,97,100,,88,100,100,,NL,,
2011, Memorial Hospital of Salem County  ,91,0,0,0,168,N,R,0,1,0,98,100,100,,100,100,100,,NL,,
2012, Memorial Hospital of Salem County  ,91,0,0,0,168,N,R,0,1,0,100,100,100,,100,NA,100,,NL,,
2013, Memorial Hospital of Salem County  ,91,0,0,0,168,N,R,0,1,0,93,,100,,,,,83,NL,,
2014, Memorial Hospital of Salem County  ,91,0,0,0,168,N,R,0,1,0,NA,,,,,,,,NA,,
2004, Capital Health System at Fuld  ,92,0,0,0,393,O,I,1,0,1,93,96,SN,95,SN,SN,,,,,
2005, Capital Health System at Fuld  ,92,0,0,0,393,O,I,1,0,1,97,95,NA,100,100,NA,,,,,
2006, Capital Health System at Fuld  ,92,0,0,0,393,O,I,1,0,1,93,97,NA,94,97,NA,NA,,,,NA
2007, Capital Health System at Fuld  ,92,0,0,0,393,O,I,1,0,1,94,88,100,94,100,75,100,,,NA,
2008, Capital Health System at Fuld  ,92,0,0,0,393,O,I,1,0,1,98,97,100,95,100,100,100,,,NA,
2009, Capital Health System at Fuld  ,92,0,0,0,393,O,I,1,0,1,99,100,100,97,100,100,100,,NL,,
2010, Capital Health System at Fuld  ,92,0,0,0,393,O,I,1,0,1,96,95,100,,100,67,100,,NL,,
2011, Capital Health System at Fuld  ,92,0,0,0,393,O,I,1,0,1,98,97,100,,100,100,100,,NL,,
2012, Capital Health Regional Medical Center  ,92,0,0,0,393,O,I,1,0,1,100,100,100,,100,100,100,,NL,,
2013, Capital Health Regional Medical Center  ,92,0,0,0,393,O,I,1,0,1,100,,100,,,,,100,NL,,
2014, Capital Health Regional Medical Center  ,92,0,0,0,393,O,I,1,0,1,NA,,,,,,,,NA,,
2004, Columbus Hospital  ,93,0,0,0,222,N,U,0,0,0,82,79,SN,93,SN,SN,,,,,
2005, Columbus Hospital  ,93,0,0,0,222,N,U,0,0,0,83,85,NA,82,NA,NA,,,,,
2006, Columbus Hospital  ,93,0,0,0,222,N,U,0,0,0,90,92,NA,87,NA,NA,NA,,,,NA
2007, Columbus Hospital  ,93,0,0,0,222,N,U,0,0,0,96,96,88,100,95,100,100,,,NA,
2008, Columbus Hospital  ,93,0,0,0,222,N,U,0,0,0,CLOSED,,,,,,,,,,
2009, Columbus Hospital  ,93,0,0,0,222,N,U,0,0,0,CLOSED,,,,,,,,,,
2010, Columbus Hospital  ,93,0,0,0,222,N,U,0,0,0,CLOSED,,,,,,,,,,
2011, Columbus Hospital  ,93,0,0,0,222,N,U,0,0,0,CLOSED,,,,,,,,,,
2012, Columbus Hospital  ,93,0,0,0,222,N,U,0,0,0,CLOSED,,,,,,,,,,
2013, Columbus Hospital  ,93,0,0,0,222,N,U,0,0,0,CLOSED,,,,,,,,,,
2014, Columbus Hospital  ,93,0,0,0,222,N,U,0,0,0,CLOSED,,,,,,,,,,
2004, Cathedral-St. Michael's Medical Center  ,96,0,1,1,662,T,I,1,0,1,80,81,84,79,81,59,,,,,
2005, Cathedral-St. Michael's Medical Center  ,96,0,1,1,662,T,I,1,0,1,97,99,97,99,97,97,,,,,
2006, Cathedral-St. Michael's Medical Center  ,96,0,1,1,662,T,I,1,0,1,93,99,93,87,94,89,100,,,,NA
2007, Cathedral-St. Michael's Medical Center  ,96,0,1,1,662,T,I,1,0,1,90,95,89,87,89,84,99,,,50,
2008,St. Michael's Medical Center  ,96,0,1,1,662,T,I,1,0,1,97,99,98,98,96,98,100,,,17,
2009,St. Michael's Medical Center  ,96,0,1,1,662,T,I,1,0,1,96,96,98,95,98,95,100,,23,,
2010,St. Michael's Medical Center  ,96,0,1,1,662,T,I,1,0,1,97,98,98,,98,97,98,,81,,
2011,St. Michael's Medical Center  ,96,0,1,1,662,T,I,1,0,1,96,99,94,,96,93,100,,67,,
2012,St. Michael's Medical Center  ,96,0,1,1,662,T,I,1,0,1,95,99,96,,93,91,98,,56,,
2013,St. Michael's Medical Center  ,96,0,1,1,662,T,I,1,0,1,95,,98,,,,,95,70,,
2014,St. Michael's Medical Center  ,96,0,1,1,662,T,I,1,0,1,64,,,,,,,,64,,
2004, Greenville Hospital  ,105,0,0,0,86,N,U,0,0,0,81,96,SN,SN,SN,SN,,,,,
2005, Greenville Hospital  ,105,0,0,0,86,N,U,0,0,0,78,87,62,81,73,NA,,,,,
2006, Greenville Hospital  ,105,0,0,0,86,N,U,0,0,0,95,100,NA,97,NA,NA,NA,,,,NA
2007, Greenville Hospital  ,105,0,0,0,86,N,U,0,0,0,76,65,57,89,86,0,100,,,NA,
2008, Greenville Hospital  ,105,0,0,0,86,N,U,0,0,0,CLOSED - NOW JERSEY CITY MEDICAL CENTER,,,,,,,,,,
2009, Greenville Hospital  ,105,0,0,0,86,N,U,0,0,0,CLOSED - NOW JERSEY CITY MEDICAL CENTER,,,,,,,,,,
2010, Greenville Hospital  ,105,0,0,0,86,N,U,0,0,0,CLOSED - NOW JERSEY CITY MEDICAL CENTER,,,,,,,,,,
2011, Greenville Hospital  ,105,0,0,0,86,N,U,0,0,0,CLOSED - NOW JERSEY CITY MEDICAL CENTER,,,,,,,,,,
2012, Greenville Hospital  ,105,0,0,0,86,N,U,0,0,0,CLOSED - NOW JERSEY CITY MEDICAL CENTER,,,,,,,,,,
2013, Greenville Hospital  ,105,0,0,0,86,N,U,0,0,0,CLOSED - NOW JERSEY CITY MEDICAL CENTER,,,,,,,,,,
2014, Greenville Hospital  ,105,0,0,0,86,N,U,0,0,0,CLOSED - NOW JERSEY CITY MEDICAL CENTER,,,,,,,,,,
2004, JFK Medical Center (Edison)  ,108,0,0,0,487,O,S,0,0,1,82,88,74,83,81,54,,,,,
2005, JFK Medical Center (Edison)  ,108,0,0,0,487,O,S,0,0,1,82,90,72,85,72,60,,,,,
2006, JFK Medical Center (Edison)  ,108,0,0,0,487,O,S,0,0,1,93,98,92,93,88,87,NA,,,,NA
2007, JFK Medical Center (Edison)  ,108,0,0,0,487,O,S,0,0,1,91,97,89,94,92,79,94,,,29,
2008, JFK Medical Center (Edison)  ,108,0,0,0,487,O,S,0,0,1,94,99,92,95,94,77,96,,,70,
2009, JFK Medical Center (Edison)  ,108,0,0,0,487,O,S,0,0,1,95,97,97,97,97,80,97,,65,,
2010, JFK Medical Center (Edison)  ,108,0,0,0,487,O,S,0,0,1,94,96,95,,95,90,100,,67,,
2011, JFK Medical Center (Edison)  ,108,0,0,0,487,O,S,0,0,1,97,99,99,,99,90,100,,83,,
2012, JFK Medical Center/Anthony M. Yelensics,108,0,0,0,487,O,S,0,0,1,98,98,99,,100,100,100,,87,,
2013, JFK Medical Center/Anthony M. Yelensics,108,0,0,0,487,O,S,0,0,1,98,,100,,,,,99,90,,
2014, JFK Medical Center/Anthony M. Yelensics,108,0,0,0,487,O,S,0,0,1,95,,,,,,,,95,,
2004, RWJ University Hospital at Hamilton  ,110,0,0,0,166,N,S,0,0,0,99,99,99,99,99,SN,,,,,
2005, RWJ University Hospital at Hamilton  ,110,0,0,0,166,N,S,0,0,0,96,96,93,97,97,92,,,,,
2006, RWJ University Hospital at Hamilton  ,110,0,0,0,166,N,S,0,0,0,97,99,97,99,99,97,92,,,,74
2007, RWJ University Hospital at Hamilton  ,110,0,0,0,166,N,S,0,0,0,92,93,95,94,97,81,94,,,48,
2008, RWJ University Hospital at Hamilton  ,110,0,0,0,166,N,S,0,0,0,93,94,96,94,100,100,100,,,39,
2009, RWJ University Hospital at Hamilton  ,110,0,0,0,166,N,S,0,0,0,92,95,98,88,96,94,100,,58,,
2010, RWJ University Hospital at Hamilton  ,110,0,0,0,166,N,S,0,0,0,92,96,95,,95,92,100,,48,,
2011, RWJ University Hospital at Hamilton  ,110,0,0,0,166,N,S,0,0,0,95,94,97,,100,100,100,,77,,
2012, RWJ University Hospital at Hamilton  ,110,0,0,0,166,N,S,0,0,0,97,96,100,,100,96,100,,87,,
2013, RWJ University Hospital at Hamilton  ,110,0,0,0,166,N,S,0,0,0,97,,100,,,,,100,85,,
2014, RWJ University Hospital at Hamilton  ,110,0,0,0,166,N,S,0,0,0,95,,,,,,,,95,,
2004, CentraState Medical Center  ,111,0,0,0,266,N,S,0,0,0,90,96,80,92,87,SN,,,,,
2005, CentraState Medical Center  ,111,0,0,0,266,N,S,0,0,0,81,89,79,75,78,NA,,,,,
2006, CentraState Medical Center  ,111,0,0,0,266,N,S,0,0,0,90,93,85,85,89,NA,NA,,,,NA
2007, CentraState Medical Center  ,111,0,0,0,266,N,S,0,0,0,92,95,89,92,94,64,100,,,NA,
2008, CentraState Medical Center  ,111,0,0,0,266,N,S,0,0,0,92,94,92,90,95,79,100,,,NA,
2009, CentraState Medical Center  ,111,0,0,0,266,N,S,0,0,0,96,98,95,91,100,100,100,,NL,,
2010, CentraState Medical Center  ,111,0,0,0,266,N,S,0,0,0,98,98,98,,100,88,100,,NL,,
2011, CentraState Medical Center  ,111,0,0,0,266,N,S,0,0,0,99,98,100,,100,100,100,,NL,,
2012, CentraState Medical Center  ,111,0,0,0,266,N,S,0,0,0,99,100,100,,95,100,100,,NL,,
2013, CentraState Medical Center  ,111,0,0,0,266,N,S,0,0,0,100,,100,,,,,100,NL,,
2014, CentraState Medical Center  ,111,0,0,0,266,N,S,0,0,0,NA,,,,,,,,NA,,
2004, Bayshore Community Hospital  ,112,0,0,0,225,N,S,0,0,0,74,88,48,75,50,SN,,,,,
2005, Bayshore Community Hospital  ,112,0,0,0,225,N,S,0,0,0,82,94,61,84,67,NA,,,,,
2006, Bayshore Community Hospital  ,112,0,0,0,225,N,S,0,0,0,91,96,76,94,83,NA,NA,,,,NA
2007, Bayshore Community Hospital  ,112,0,0,0,225,N,S,0,0,0,83,85,72,86,79,75,86,,,NA,
2008, Bayshore Community Hospital  ,112,0,0,0,225,N,S,0,0,0,95,99,89,97,90,86,100,,,NA,
2009, Bayshore Community Hospital  ,112,0,0,0,225,N,S,0,0,0,99,98,100,99,100,100,100,,NL,,
2010, Bayshore Community Hospital  ,112,0,0,0,225,N,S,0,0,0,100,100,100,,100,100,100,,NL,,
2011, Bayshore Community Hospital  ,112,0,0,0,225,N,S,0,0,0,100,100,100,,100,100,100,,NL,,
2012, Bayshore Community Hospital  ,112,0,0,0,225,N,S,0,0,0,100,100,100,,100,100,100,,NL,,
2013, Bayshore Community Hospital  ,112,0,0,0,225,N,S,0,0,0,100,,100,,,,,100,NL,,
2014, Bayshore Community Hospital  ,112,0,0,0,225,N,S,0,0,0,97,,,,,,,,97,,
2004,Southern Ocean County Hospital  ,113,0,0,0,100,N,R,0,1,0,93,91,98,93,91,SN,,,,,
2005,Southern Ocean County Hospital  ,113,0,0,0,100,N,R,0,1,0,93,94,91,92,93,NA,,,,,
2006,Southern Ocean County Hospital  ,113,0,0,0,100,N,R,0,1,0,DID NOT SUBMIT ALL OF THE REQUIRED RECORDS FOR THE CMS DATA ACCURACY REVIEW,,,,,,,,,,
2007,Southern Ocean County Hospital  ,113,0,0,0,100,N,R,0,1,0,96,94,100,95,97,100,100,,,NA,
2008,Southern Ocean County Hospital  ,113,0,0,0,100,N,R,0,1,0,97,97,97,95,98,100,NA,,,NA,
2009,Southern Ocean County Hospital  ,113,0,0,0,100,N,R,0,1,0,98,98,97,98,98,94,100,,NL,,
2010,Southern Ocean County Hospital  ,113,0,0,0,100,N,R,0,1,0,98,98,100,,100,87,100,,NL,,
2011,Southern Ocean County Hospital  ,113,0,0,0,100,N,R,0,1,0,100,100,100,,100,100,100,,NL,,
2012,Southern Ocean County Hospital  ,113,0,0,0,100,N,R,0,1,0,98,100,96,,96,100,100,,NL,,
2013,Southern Ocean Medical Center ,113,0,0,0,100,N,R,0,1,0,96,,100,,,,,93,NL,,
2014,Southern Ocean Medical Center ,113,0,0,0,100,,,,,,NA,,,,,,,,NA,,
2004, Hackettstown Community Hospital ,115,0,0,0,118,N,R,0,1,0,92,91,SN,95,89,SN,,,,,
2005, Hackettstown Community Hospital ,115,0,0,0,118,N,R,0,1,0,90,87,85,99,89,NA,,,,,
2006, Hackettstown Regional Medical Center  ,115,0,0,0,118,N,R,0,1,0,89,89,79,95,91,NA,NA,,,,NA
2007, Hackettstown Regional Medical Center  ,115,0,0,0,118,N,R,0,1,0,88,86,87,89,95,63,100,,,NA,
2008, Hackettstown Regional Medical Center  ,115,0,0,0,118,N,R,0,1,0,99,100,100,100,100,100,67,,,NA,
2009, Hackettstown Regional Medical Center  ,115,0,0,0,118,N,R,0,1,0,100,100,100,100,100,100,100,,NL,,
2010, Hackettstown Regional Medical Center  ,115,0,0,0,118,N,R,0,1,0,100,100,100,,100,100,100,,NL,,
2011, Hackettstown Regional Medical Center  ,115,0,0,0,118,N,R,0,1,0,100,100,100,,100,100,100,,NL,,
2012, Hackettstown Regional Medical Center  ,115,0,0,0,118,N,R,0,1,0,100,100,100,,100,100,NA,,NL,,
2013, Hackettstown Regional Medical Center  ,115,0,0,0,118,N,R,0,1,0,100,,100,,,,,100,NL,,
2014, Hackettstown Regional Medical Center  ,115,0,0,0,118,N,R,0,1,0,NA,,,,,,,,NA,,
2004, St. Joseph's Wayne Hospital  ,116,0,0,0,255,N,S,0,0,0,69,88,52,64,53,SN,,,,,
2005, St. Joseph's Wayne Hospital  ,116,0,0,0,255,N,S,0,0,0,86,92,85,84,76,NA,,,,,
2006, St. Joseph's Wayne Hospital  ,116,0,0,0,255,N,S,0,0,0,87,88,74,92,85,NA,NA,,,,NA
2007, St. Joseph's Wayne Hospital  ,116,0,0,0,255,N,S,0,0,0,95,96,84,96,100,100,100,,,NA,
2008, St. Joseph's Wayne Hospital  ,116,0,0,0,255,N,S,0,0,0,96,95,97,96,97,100,100,,,NA,
2009, St. Joseph's Wayne Hospital  ,116,0,0,0,255,N,S,0,0,0,96,96,100,93,97,100,100,,NL,,
2010, St. Joseph's Wayne Hospital  ,116,0,0,0,255,N,S,0,0,0,95,94,95,,96,100,100,,NL,,
2011, St. Joseph's Wayne Hospital  ,116,0,0,0,255,N,S,0,0,0,99,97,100,,100,100,100,,NL,,
2012, St. Joseph's Wayne Hospital  ,116,0,0,0,255,N,S,0,0,0,99,99,100,,100,89,100,,NL,,
2013, St. Joseph's Wayne Hospital  ,116,0,0,0,255,N,S,0,0,0,100,,100,,,,,100,NL,,
2014, St. Joseph's Wayne Hospital  ,116,0,0,0,255,N,S,0,0,0,NA,,,,,,,,NA,,
2004, Meadowlands Hospital Medical Center  ,118,0,0,0,224,N,U,0,0,0,95,96,SN,100,SN,SN,,,,,
2005, Meadowlands Hospital Medical Center  ,118,0,0,0,224,N,U,0,0,0,86,93,NA,86,NA,NA,,,,,
2006, Meadowlands Hospital Medical Center  ,118,0,0,0,224,N,U,0,0,0,92,100,NA,85,NA,NA,NA,,,,NA
2007, Meadowlands Hospital Medical Center  ,118,0,0,0,224,N,U,0,0,0,98,100,50,100,100,NA,NA,,,NA,
2008, Meadowlands Hospital Medical Center  ,118,0,0,0,224,N,U,0,0,0,88,94,75,88,85,100,100,,,NA,
2009, Meadowlands Hospital Medical Center  ,118,0,0,0,224,N,U,0,0,0,96,100,93,91,100,100,100,,NL,,
2010, Meadowlands Hospital Medical Center  ,118,0,0,0,224,N,U,0,0,0,100,100,100,,100,100,NA,,NL,,
2011, Meadowlands Hospital Medical Center  ,118,0,0,0,224,N,U,0,0,0,100,100,100,,100,100,NA,,NL,,
2012, Meadowlands Hospital Medical Center  ,118,0,0,0,224,N,U,0,0,0,97,100,93,,100,50,100,,NL,,
2013, Meadowlands Hospital Medical Center  ,118,0,0,0,224,N,U,0,0,0,100,,100,,,,,100,NL,,
2014, Meadowlands Hospital Medical Center  ,118,0,0,0,224,N,U,0,0,0,NA,,,,,,,,NA,,
2004, UMDNJ-University Hospital  ,119,0,1,1,466,T,I,1,0,1,93,97,92,93,95,76,,,,,
2005, UMDNJ-University Hospital  ,119,0,1,1,466,T,I,1,0,1,94,96,93,96,91,97,,,,,
2006, UMDNJ-University Hospital  ,119,0,1,1,466,T,I,1,0,1,95,100,96,100,98,94,94,,,,33
2007, UMDNJ-University Hospital  ,119,0,1,1,466,T,I,1,0,1,96,100,98,100,96,91,92,,,63,
2008, UMDNJ-University Hospital  ,119,0,1,1,466,T,I,1,0,1,97,100,99,100,99,89,100,,,76,
2009, UMDNJ-University Hospital  ,119,0,1,1,466,T,I,1,0,1,98,100,100,100,99,96,100,,80,,
2010, UMDNJ-University Hospital  ,119,0,1,1,466,T,I,1,0,1,98,100,100,,100,97,100,,79,,
2011, UMDNJ-University Hospital  ,119,0,1,1,466,T,I,1,0,1,99,100,100,,100,100,100,,80,,
2012, UMDNJ-University Hospital  ,119,0,1,1,466,T,I,1,0,1,100,100,100,,100,100,100,,96,,
2013, UMDNJ-University Hospital  ,119,0,1,1,466,T,I,1,0,1,99,,100,,,,,99,96,,
2014,University Hospital  ,119,0,1,1,466,T,I,1,0,1,96,,,,,,,,96,,
2004, St. Clare's Hospital-Sussex  ,120,0,0,0,106,N,R,0,1,0,97,SN,SN,SN,SN,SN,,,,,
2005, St. Clare's Hospital-Sussex  ,120,0,0,0,106,N,R,0,1,0,97,NA,NA,NA,NA,NA,NA,,,,
2006, St. Clare's Hospital-Sussex  ,120,0,0,0,106,N,R,0,1,0,93,NA,NA,NA,NA,NA,NA,,,,NA
2007, St. Clare's Hospital-Sussex  ,120,0,0,0,106,N,R,0,1,0,98,93,100,100,100,100,100,,,NA,
2008, St. Clare's Hospital-Sussex  ,120,0,0,0,106,N,R,0,1,0,100,100,100,100,100,NA,100,,,NA,
2009, St. Clare's Hospital-Sussex  ,120,0,0,0,106,N,R,0,1,0,100,100,100,100,100,100,NA,,NL,,
2010, St. Clare's Hospital-Sussex  ,120,0,0,0,106,N,R,0,1,0,100,100,100,,100,100,100,,NL,,
2011, St. Clare's Hospital-Sussex  ,120,0,0,0,106,N,R,0,1,0,100,100,100,,100,100,NA,,NL,,
2012, St. Clare's Hospital-Sussex  ,120,0,0,0,106,N,R,0,1,0,100,100,100,,100,100,NA,,NL,,
2013, St. Clare's Hospital-Sussex  ,120,0,0,0,106,N,R,0,1,0,100,,100,,,,,100,NL,,
2014, St. Clare's Hospital-Sussex  ,120,0,0,0,106,N,R,0,1,0,DID NOT REPORT,,,,,,,,,,
